"","name","tier_range","n_added","n_dropped","n_tier_changed"
"1","A-HYDROCORT",0,0,1,0
"2","ABACAVIR",0.5,0,0,0
"3","ABACAVIR-LAMIVUDINE",0,1,0,0
"4","ABELCENT",0,1,1,0
"5","ABILIFY",1,0,0,1
"6","ABRAXANE",0,0,0,0
"7","ACAMPROSATE",0,1,0,0
"8","ACARBOSE",1,0,0,1
"9","ACEBUTOLOL",0,0,0,0
"10","ACELLULAR",0,0,0,0
"11","ACETAMINOP-CODEINE",0,1,0,0
"12","ACETAMINOPHEN",0,0,0,0
"13","ACETAMINOPHEN-COD",0,1,0,0
"14","ACETASOL",0,0,0,0
"15","ACETAZOLAMIDE",1,0,0,0
"16","ACETIC",0,0,0,0
"17","ACETYLCYSTEINE",1,0,0,1
"18","ACITRETIN",0,1,0,0
"19","ACTHIB",0,0,0,0
"20","ACTIMMUNE",0,0,0,0
"21","ACTONEL",0,0,1,0
"22","ACTOPLUS",0,0,1,0
"23","ACTOS",0,0,1,0
"24","ACYCLOVIR",1,0,0,1
"25","ACZONE",0,0,1,0
"26","ADACEL",0,0,0,0
"27","ADAGEN",0,0,0,0
"28","ADALIMUMAB",0,0,0,0
"29","ADAPALENE",0,1,1,0
"30","ADCIRCA",0,0,0,0
"31","ADEFOVIR",0,1,0,0
"32","ADEMPAS",0,1,0,0
"33","ADRIAMYCIN",0,1,1,0
"34","ADVAIR",0,0,1,0
"35","AFEDITAB",0,0,0,0
"36","AFINITOR",0,0,0,0
"37","AGGRENOX",0,0,1,0
"38","AK-CON",0,0,1,0
"39","ALA-SCALP",0,0,1,0
"40","ALBENZA",1,0,0,1
"41","ALBUTEROL",1,0,0,1
"42","ALCLOMETASONE",1,0,1,1
"43","ALDURAZYME",0,0,1,0
"44","ALECENSA",0,1,0,0
"45","ALENDRONATE",0,0,0,0
"46","ALENDRONIC",0,1,0,0
"47","ALFUZOSIN",1,0,0,1
"48","ALIMTA",0,0,0,0
"49","ALINIA",0,0,0,0
"50","ALKERAN",0,0,1,0
"51","ALLOPURINOL",0,0,0,0
"52","ALOSETRON",0,1,1,0
"53","ALPRAZOLAM",2,0,0,2
"54","ALSUMA",0,0,1,0
"55","ALTABAX",0,0,1,0
"56","ALUNBRIG",0,1,0,0
"57","AMABELZ",0,1,0,0
"58","AMANTADINE",2,0,0,2
"59","AMBISOME",1,1,0,1
"60","AMCINONIDE",2,0,1,2
"61","AMETHIA",0,1,0,0
"62","AMIFOSTINE",2,0,1,1
"63","AMIKACIN",1,0,0,1
"64","AMILORIDE",1,0,0,1
"65","AMINO",0,1,0,0
"66","AMINOPHYLLINE",2,0,0,1
"67","AMINOSYN",0,0,0,0
"68","AMINOSYN-PF",0,0,0,0
"69","AMINOSYN-RF",0,1,0,0
"70","AMIODARONE",2,0,0,2
"71","AMITIZA",0,0,1,0
"72","AMITRIP/PERPHEN",2,0,0,2
"73","AMITRIPTYLINE",1,0,0,2
"74","AMLODIPINE",0.5,0,0,0
"75","AMLODIPINE-ATORVASTATIN",2,1,1,2
"76","AMLODIPINE-BENAZEPRIL",0,1,0,0
"77","AMMONIUM",0,0,0,0
"78","AMOX",0,0,0,0
"79","AMOX-CLAV",0,1,0,0
"80","AMOXAPINE",2,0,0,2
"81","AMOXICILLIN",1,0,0,1
"82","AMPHETAMINE",1,0,0,2
"83","AMPHOTEC",0,0,1,0
"84","AMPHOTERICIN",1,0,0,1
"85","AMPICILLIN",1,0,0,1
"86","AMPICILLIN-SULBACTAM",0,0,0,0
"87","AMPYRA",0,0,0,0
"88","AMTURNIDE",0,0,1,0
"89","ANADROL-50",0,1,0,0
"90","ANAGRELIDE",1,0,0,1
"91","ANASTROZOLE",0,0,0,0
"92","ANCOBON",0,0,1,0
"93","ANDROGEL",0,0,0,0
"94","ANDROID",0,0,1,0
"95","ANORO",0,1,0,0
"96","APAP-CAFFEINE-DIHYDROCODE",0,0,1,0
"97","APOKYN",0,0,0,0
"98","APRACLONIDINE",1,0,0,1
"99","APREPITANT",0,1,0,0
"100","APRI",0,0,0,0
"101","APRISO",0,0,0,0
"102","APTIOM",0,1,0,0
"103","APTIVUS",0,0,0,0
"104","ARALAST",0,1,1,0
"105","ARANELLE",0,0,0,0
"106","ARCALYST",0,0,0,0
"107","ARCAPTA",0,0,1,0
"108","ARGATROBAN",2,1,1,0
"109","ARIPIPRAZOLE",0,1,0,0
"110","ARISTADA",0,1,0,0
"111","ARMODAFINIL",1,1,0,1
"112","ARNUITY",0,1,0,0
"113","ARRANON",0,0,0,0
"114","ARZERRA",0,0,1,0
"115","ASMANEX",0,0,1,0
"116","ASPIRIN-DIPHENHYDRAMINE",0,1,1,0
"117","ASPIRIN-DIPYRIDAM",0,1,1,0
"118","ASTEPRO",0,1,1,0
"119","ASTRAMORPH",0,0,1,0
"120","ATELVIA",0,0,1,0
"121","ATENOLOL",0,0,0,0
"122","ATENOLOL-CHLORTHALIDONE",1,1,0,1
"123","ATENOLOL/CHLORTHALIDONE",1,0,0,1
"124","ATGAM",0,1,0,0
"125","ATOMOXETINE",0,1,0,0
"126","ATORVASTATIN",0,0,0,0
"127","ATOVAQUONE",1,0,0,0
"128","ATOVAQUONE-PROGUANIL",0,1,0,0
"129","ATRIPLA",0,0,0,0
"130","ATROPINE",1,0,0,1
"131","ATROVENT",0,1,1,0
"132","AUBRA-28",0,1,0,0
"133","AUGMENTED",1,0,1,1
"134","AURYXIA",0,1,0,0
"135","AVANDIA",0,1,0,0
"136","AVASTIN",0,0,0,0
"137","AVELOX",0,0,1,0
"138","AVIANE",0,0,0,0
"139","AVODART",1,0,1,1
"140","AVONEX",0,0,1,0
"141","AZACITIDINE",0,1,1,0
"142","AZASAN",0,1,1,0
"143","AZASITE",0,0,1,0
"144","AZATHIOPRINE",1,0,0,2
"145","AZELASTINE",0,0,0,0
"146","AZILECT",0,0,1,0
"147","AZITHROMYCIN",1,0,0,2
"148","AZOPT",0,0,0,0
"149","AZOR",0,1,1,0
"150","AZTREONAM",2,0,0,2
"151","BACITRACIN",1.5,0,0,0
"152","BACITRACIN/POLYMYXIN",1,0,0,1
"153","BACLOFEN",0.5,0,0,0
"154","BACTROBAN",0,0,1,0
"155","BALSALAZIDE",1,0,0,1
"156","BANZEL",1,0,0,1
"157","BARACLUDE",0,0,0,0
"158","BAVENCIO",0,1,1,0
"159","BCG",0,1,0,0
"160","BEKYREE",0,1,0,0
"161","BELEODAQ",0,1,0,0
"162","BENAZEPRIL",0,0,0,0
"163","BENICAR",0,1,1,0
"164","BENLYSTA",0,0,0,0
"165","BENZTROPINE",0,0,0,0
"166","BESIVANCE",0,0,0,0
"167","BETAMETHASONE",1,0,0,1
"168","BETASERON",0,1,1,0
"169","BETAXOLOL",2,0,0,2
"170","BETHANECHOL",1,0,0,2
"171","BETHKIS",0,1,0,0
"172","BETIMOL",0,0,1,0
"173","BEVESPI",0,1,0,0
"174","BEXAROTENE",0,1,0,0
"175","BEXSERO",0,1,0,0
"176","BICALUTAMIDE",1,0,0,1
"177","BICILL",0,1,0,0
"178","BICILLIN",0,1,0,0
"179","BICNU",0,0,1,0
"180","BIDIL",0,0,0,0
"181","BILTRICIDE",0,0,1,0
"182","BINOSTO",0,1,0,0
"183","BISOPROLOL",1,0,0,1
"184","BISOPROLOL-HCTZ",0,1,0,0
"185","BLEOMYCIN",0,0,1,0
"186","BLEPHAMIDE",0,0,1,0
"187","BLISOVI",0,1,0,0
"188","BOOSTRIX",0,0,0,0
"189","BOSULIF",0,0,0,0
"190","BREO",0,1,0,0
"191","BRILINTA",0,0,0,0
"192","BRIMONIDINE",0,0,0,0
"193","BRINTELLIX",0,1,1,0
"194","BRIVIACT",0,1,0,0
"195","BROMOCRIPTINE",1,0,0,2
"196","BROVANA",0,1,1,0
"197","BUDEPRION",0,0,1,0
"198","BUDESONIDE",1,0,0,1
"199","BUMETANIDE",0.5,0,0,0
"200","BUPHENYL",0,1,2,0
"201","BUPRENORPHINE",1,0,0,1
"202","BUPROBAN",0,0,1,0
"203","BUPROPION",0,0,0,0
"204","BUSPIRONE",0,0,0,0
"205","BUSULFAN",0,1,1,0
"206","BUSULFEX",0,0,1,0
"207","BUTALB-ACETAMIN-CAFF",0,1,0,0
"208","BUTALB-CAFF-ACETAMINOPH-CODEIN",0,1,0,0
"209","BUTALBITAL",0,1,0,0
"210","BUTALBITAL-ASA-CAFFEINE",0,1,0,0
"211","BUTALBITAL/ACETAMINOPHEN",0,1,0,0
"212","BUTALBITAL/ACETAMINOPHEN/CAFFEINE",0,1,0,0
"213","BUTALBITAL/ASPIRIN/CAFFEINE",0,1,1,0
"214","BUTALBITAL/CAFFEINE/ACETAMINOPH/CODEIN",0,1,1,0
"215","BUTISOL",0,0,0,0
"216","BUTORPHANOL",1,0,0,2
"217","BYDUREON",1,1,1,1
"218","BYETTA",0,0,1,0
"219","CABERGOLINE",2,1,1,0
"220","CABOMETYX",0,1,0,0
"221","CALCIPOTRIENE",1,0,0,0
"222","CALCITONIN",0,0,0,0
"223","CALCITRIOL",1,0,0,0
"224","CALCIUM",1,0,0,2
"225","CAMILA",0,0,0,0
"226","CAMPATH",0,0,1,0
"227","CAMPRAL",0,0,1,0
"228","CAMRESE",0,1,0,0
"229","CANASA",0,0,0,0
"230","CANCIDAS",0,0,0,0
"231","CANDESARTAN",0,1,0,0
"232","CANDESARTAN-HCTZ",0,1,0,0
"233","CAPASTAT",0,0,0,0
"234","CAPITAL",0,0,1,0
"235","CAPRELSA",0,0,0,0
"236","CAPTOPRIL",1.5,0,0,0
"237","CARAC",0,0,1,0
"238","CARBAGLU",0,0,0,0
"239","CARBAMAZEPINE",2,0,0,2
"240","CARBATROL",0,0,1,0
"241","CARBIDOPA",1,0,0,1
"242","CARBIDOPA-LEVO",0,2,1,0
"243","CARBIDOPA-LEVODOPA",0,1,1,0
"244","CARBIDOPA-LEVODOPA-ENTA",0,1,0,0
"245","CARBIDOPA-LEVODOPA-ENTACAPONE",0,1,0,0
"246","CARBIDOPA/LEVO",1,0,1,1
"247","CARBOPLATIN",0,0,0,0
"248","CARIMUNE",0,0,1,0
"249","CARISOPRODOL",2,0,0,2
"250","CARNITOR",0,0,1,0
"251","CARTEOLOL",0,0,0,0
"252","CARTIA",0,0,0,0
"253","CARVEDILOL",0,0,0,0
"254","CAYSTON",0,0,0,0
"255","CAZIANT",0,1,0,0
"256","CEENU",0,0,1,0
"257","CEFACLOR",2,0,0,2
"258","CEFADROXIL",1,0,0,0
"259","CEFAZOLIN",1,0,0,1
"260","CEFDINIR",0,0,0,0
"261","CEFEPIME",0,0,0,0
"262","CEFOTAXIME",0,0,1,0
"263","CEFOTETAN",0,0,0,0
"264","CEFOXITIN",0,0,0,0
"265","CEFPODOXIME",0,0,0,0
"266","CEFPROZIL",0.5,0,0,0
"267","CEFTAZIDIME",2,0,0,2
"268","CEFTRIAXONE",1,0,0,1
"269","CEFUROXIME",1,0,0,1
"270","CELLCEPT",0,0,0,0
"271","CELONTIN",0,0,0,0
"272","CEPHALEXIN",0,0,0,0
"273","CERDELGA",0,1,0,0
"274","CEREZYME",0,1,1,0
"275","CERUBIDINE",0,0,1,0
"276","CERVARIX",0,1,1,0
"277","CETIRIZINE",0,0,0,0
"278","CHANTIX",0,0,0,0
"279","CHEMET",1,0,0,1
"280","CHENODAL",1,0,0,1
"281","CHLORAMPHEN",0,0,1,0
"282","CHLORDIAZEPOXIDE",0,1,0,0
"283","CHLORHEXIDINE",0,0,0,0
"284","CHLOROQUINE",1,0,0,1
"285","CHLOROTHIAZIDE",0,0,0,0
"286","CHLORPROMAZINE",2,0,0,2
"287","CHLORTHALIDONE",0,0,0,0
"288","CHOLBAM",0,1,0,0
"289","CHOLESTYRAMINE",1,0,0,2
"290","CHORIONIC",1,0,0,2
"291","CICLOPIROX",1,0,0,1
"292","CILASTATIN",0,1,0,0
"293","CILOSTAZOL",0,0,0,0
"294","CIMETIDINE",0,0,0,0
"295","CIMZIA",0,0,1,0
"296","CINRYZE",0,1,0,0
"297","CIPRO",0,1,1,0
"298","CIPROFLOXACIN",0,0,0,0
"299","CISPLATIN",1,0,1,1
"300","CITALOPRAM",0.5,0,0,0
"301","CITOLOPRAM",0,0,1,0
"302","CLADRIBINE",3,0,0,1
"303","CLARAVIS",0,1,1,0
"304","CLARITHROMYCIN",1,0,0,1
"305","CLEMASTINE",1,1,0,1
"306","CLEOCIN",0,0,1,0
"307","CLINDAMAX",1,1,1,1
"308","CLINDAMYCIN",2,0,0,2
"309","CLINDAMYCIN-D5W",0,0,0,0
"310","CLINIMIX",0,0,0,0
"311","CLOBETASOL",2,0,1,2
"312","CLOFARABINE",0,1,0,0
"313","CLOLAR",0,0,0,0
"314","CLOMIPRAMINE",2,0,0,1
"315","CLONAZEPAM",0,0,0,0
"316","CLONIDINE",1,0,0,2
"317","CLOPIDOGREL",0,0,0,0
"318","CLORAZEPATE",1,0,0,1
"319","CLORPRES",0,0,1,0
"320","CLOTRIMAZOLE",0,0,0,0
"321","CLOTRIMAZOLE-BETAMETHASONE",2,0,0,2
"322","CLOTRIMAZOLE/BETAMETHASONE",1,0,0,1
"323","CLOZAPINE",1,0,0,1
"324","COARTEM",0,0,0,0
"325","CODEINE",0,0,1,0
"326","COLCHICINE",0,1,1,0
"327","COLCRYS",0,0,0,0
"328","COLESTIPOL",1,0,0,1
"329","COLISTIMETHATE",0,0,0,0
"330","COLLAGENASE",0,0,1,0
"331","COLOCORT",1,0,0,3
"332","COLY",0,0,1,0
"333","COMBIGAN",0,1,0,0
"334","COMETRIQ",0,0,0,0
"335","COMPLERA",0,0,0,0
"336","COMPRO",2,0,0,2
"337","COMTAN",0,0,1,0
"338","COMVAX",0,0,1,0
"339","CONSTULOSE",0,0,0,0
"340","COPAXONE",0,0,0,0
"341","CORLANOR",0,1,0,0
"342","CORMAX",0,1,1,0
"343","CORTIFOAM",0,0,1,0
"344","CORTISONE",2,0,0,2
"345","COSENTYX",0,1,0,0
"346","COSMEGEN",0,0,1,0
"347","COTELLIC",0,1,0,0
"348","COUMADIN",0,0,0,0
"349","COVERA-HS",0,0,1,0
"350","CREON",0,0,0,0
"351","CRESEMBA",0,1,0,0
"352","CRESTOR",0,0,1,0
"353","CRIXIVAN",0,0,0,0
"354","CROMOLYN",1,0,0,1
"355","CUBICIN",0,0,1,0
"356","CUPRIMINE",0,1,0,0
"357","CYCLAFEM",0,0,0,0
"358","CYCLOBENZAPRINE",0,1,0,0
"359","CYCLOPHOSPHAMIDE",0,0,0,0
"360","CYCLOSET",0,1,0,0
"361","CYCLOSPORINE",0,0,0,0
"362","CYKLOKAPRON",0,0,1,0
"363","CYMBALTA",0,0,1,0
"364","CYPROHEPTADINE",0,1,0,0
"365","CYRAMZA",0,1,0,0
"366","CYSTADANE",1,0,0,1
"367","CYSTAGON",0,0,0,0
"368","CYSTARAN",0,0,0,0
"369","CYTARABINE",0,0,1,0
"370","CYTOMEL",0,0,1,0
"371","CYTOVENE",0,0,1,0
"372","D-AMPHETAMINE",0,1,0,0
"373","DACARBAZINE",2,0,1,1
"374","DACOGEN",0,0,1,0
"375","DAKLINZA",0,1,1,0
"376","DALIRESP",0,1,0,0
"377","DANAZOL",0,0,0,0
"378","DANTROLENE",1,0,0,1
"379","DAPSONE",1,0,0,1
"380","DAPTACEL",0,0,0,0
"381","DAPTOMYCIN",0,1,0,0
"382","DARAPRIM",1,0,0,1
"383","DARZALEX",0,1,0,0
"384","DAUNORUBICIN",0,0,1,0
"385","DAUNOXOME",0,1,1,0
"386","DAYTRANA",0,0,1,0
"387","DEBLITANE",0,1,0,0
"388","DECAVAC",0,0,1,0
"389","DECITABINE",0,1,1,0
"390","DEGARELIX",0,0,1,0
"391","DELESTROGEN",0,1,1,0
"392","DELYLA-28",0,1,0,0
"393","DEMECLOCYCLINE",0,0,0,0
"394","DEMSER",1,0,0,1
"395","DENAVIR",0,0,0,0
"396","DEPEN",0,1,0,0
"397","DEPO-ESTRADIOL",2,0,0,1
"398","DESCOVY",0,1,0,0
"399","DESIPRAMINE",1,0,0,1
"400","DESMOPRESSIN",1,0,0,1
"401","DESOGESTR-ETH",0,1,0,0
"402","DESONIDE",2,0,1,2
"403","DESOXIMETASONE",0,0,0,0
"404","DESVENLAFAXINE",0,1,0,0
"405","DEXAMETHASONE",0,0,0,0
"406","DEXILANT",0,1,0,0
"407","DEXMETHYLPHENIDATE",2,0,0,2
"408","DEXRAZOXANE",1,0,1,1
"409","DEXTROAMP-AMPHET",1,0,0,1
"410","DEXTROAMP-AMPHETAMIN",0,1,0,0
"411","DEXTROAMP-AMPHETAMINE",0,1,0,0
"412","DEXTROAMPHETAMINE",1,0,0,1
"413","DEXTROSE",0,0,0,0
"414","DIASTAT",0,1,0,0
"415","DIAZEPAM",1,0,0,1
"416","DICLOFENAC",0,0,0,0
"417","DICLOXACILLIN",0,0,0,0
"418","DICYCLOMINE",1,0,0,1
"419","DIDANOSINE",0,0,0,0
"420","DIFICID",0,1,1,0
"421","DIFLORASONE",0,0,1,0
"422","DIFLUNISAL",1,0,1,1
"423","DIGITEK",1,1,0,1
"424","DIGOXIN",2.5,0,0,2
"425","DIHYDROERGOTAMINE",0,1,2,0
"426","DILANTIN",0,0,0,0
"427","DILANTIN-125",0,0,0,0
"428","DILATRATE-SR",0,0,1,0
"429","DILT",0,1,0,0
"430","DILT-CD",0,0,1,0
"431","DILT-XR",0,0,1,0
"432","DILTIAZEM",0,0,0,0
"433","DIOVAN",0,0,1,0
"434","DIPH-TETANUS",0,1,0,0
"435","DIPHENHYDRAMINE",0.5,1,0,0
"436","DIPHENOXYLATE",2,0,0,1
"437","DIPHENOXYLATE/ATROPINE",2,0,0,2
"438","DIPHTHERIA",0,1,0,0
"439","DIPHTHERIA-TETANUS",0,1,1,0
"440","DIPHTHERIA,",0,1,0,0
"441","DIPYRIDAMOLE",0,1,0,0
"442","DISOPYRAMIDE",2,0,0,3
"443","DISULFIRAM",0.5,1,1,0
"444","DIURIL",1,0,0,1
"445","DIVALPROEX",0.5,0,0,0
"446","DOCEFREZ",0.5,0,1,0
"447","DOCETAXEL",1,0,1,1
"448","DOFETILIDE",0,1,0,0
"449","DOLUTEGRAVIR",0,1,1,0
"450","DONEPEZIL",0,0,0,0
"451","DORIBAX",0,0,1,0
"452","DORZOLAMIDE",1,0,0,1
"453","DOXAZOSIN",1,0,0,1
"454","DOXEPIN",3,0,0,2
"455","DOXERCALCIFEROL",0,0,1,0
"456","DOXORUBICIN",0.5,0,1,0
"457","DOXY",1,2,1,0
"458","DOXYCYCLINE",1,0,0,1
"459","DRONABINOL",0,0,0,0
"460","DROSPIRENONE-EE",0,1,0,0
"461","DROSPIRENONE-ETH",0,0,0,0
"462","DROXIA",0,0,0,0
"463","DUAVEE",0,1,0,0
"464","DUETACT",0,0,1,0
"465","DULERA",0,0,1,0
"466","DULOXETINE",0,1,0,0
"467","DUONEB",0,0,1,0
"468","DURAMORPH",0,0,1,0
"469","DUREZOL",0,0,0,0
"470","DUTASTERIDE",0,1,0,0
"471","DUTASTERIDE-TAMSULOSIN",0,1,1,0
"472","DYRENIUM",0,0,1,0
"473","E.E.S.",0,0,1,0
"474","ECONAZOLE",2,0,1,2
"475","EDURANT",1,0,0,1
"476","EFFIENT",0,0,1,0
"477","EGRIFTA",0,0,0,0
"478","ELAPRASE",0,0,1,0
"479","ELAVIL",1,1,0,1
"480","ELELYSO",0,0,1,0
"481","ELESTAT",0,0,1,0
"482","ELIDEL",0,0,0,0
"483","ELIPHOS",0,0,1,0
"484","ELIQUIS",0,0,0,0
"485","ELITEK",0,0,0,0
"486","ELIXOPHYLLIN",0,0,1,0
"487","ELLA",0,1,1,0
"488","ELMIRON",0,0,0,0
"489","ELOXATIN",0,0,1,0
"490","EMBEDA",0,1,0,0
"491","EMCYT",1,0,0,1
"492","EMEND",0,0,0,0
"493","EMOQUETTE",0,0,0,0
"494","EMPAGLIFLOZIN",0,1,0,0
"495","EMPLICITI",0,1,0,0
"496","EMSAM",1,0,0,2
"497","EMTRIVA",0,0,0,0
"498","ENALAPRIL",1,0,0,1
"499","ENALAPRIL-HCTZ",0,1,0,0
"500","ENBREL",0,0,0,0
"501","ENDOCET",0,0,0,0
"502","ENGERIX",0,0,0,0
"503","ENGERIX-B",0,0,0,0
"504","ENOXAPARIN",0,0,0,0
"505","ENTACAPONE",1,0,0,1
"506","ENTECAVIR",0,1,0,0
"507","ENTRESTO",0,1,0,0
"508","ENULOSE",0,0,0,0
"509","EPCLUSA",0,1,0,0
"510","EPIDUO",0,0,1,0
"511","EPINASTINE",1,0,0,2
"512","EPINEPHRINE",1,1,1,0
"513","EPIPEN",1,0,0,1
"514","EPIRUBICIN",1,0,0,1
"515","EPITOL",2,0,0,1
"516","EPIVIR",0,0,0,0
"517","EPLERENONE",1,0,0,1
"518","EPOGEN",0,0,0,0
"519","EPZICOM",0,0,1,0
"520","EQUETRO",0,0,0,0
"521","ERAXIS",0,0,0,0
"522","ERAXIS(WATER",0,1,0,0
"523","ERBITUX",0,0,1,0
"524","ERGOMAR",0,0,1,0
"525","ERIVEDGE",0,0,0,0
"526","ERRIN",0,0,0,0
"527","ERWINAZE",0,1,1,0
"528","ERY",1,0,0,1
"529","ERY-TAB",0,0,1,0
"530","ERYPED",0,0,1,0
"531","ERYTHROCIN",2,0,0,1
"532","ERYTHROMYCIN",2,0,0,1
"533","ERYTHROMYCIN-BENZOYL",1,0,0,1
"534","ESBRIET",0,1,0,0
"535","ESCITALOPRAM",1,0,0,1
"536","ESTRACE",1,1,0,1
"537","ESTRADIOL",2,0,0,2
"538","ESTRADIOL-NORETH",0,1,0,0
"539","ESTRING",0,1,0,0
"540","ESTROPIPATE",0,1,0,0
"541","ESZOPICLONE",0,1,1,0
"542","ETHACRYNATE",0,1,1,0
"543","ETHAMBUTOL",1,0,0,1
"544","ETHINYL",0,0,0,0
"545","ETHOSUXIMIDE",1,0,0,0
"546","ETHYNODIOL-ETH",0,1,0,0
"547","ETIDRONATE",1,0,0,1
"548","ETODOLAC",1,0,1,1
"549","ETOPOPHOS",1,0,1,1
"550","ETOPOSIDE",0,1,1,0
"551","EURAX",0,0,1,0
"552","EVISTA",0,0,1,0
"553","EVOTAZ",0,1,0,0
"554","EXELON",0,0,0,0
"555","EXEMESTANE",0,0,0,0
"556","EXFORGE",0,0,1,0
"557","EXJADE",0,0,1,0
"558","EXONDYS",0,1,0,0
"559","EXTENDED",0,0,1,0
"560","EZETIMIBE",0,1,0,0
"561","FABRAZYME",0,0,0,0
"562","FACTIVE",0,0,1,0
"563","FALMINA-28",0,1,0,0
"564","FAMCICLOVIR",0,0,0,0
"565","FAMOTIDINE",1,0,0,1
"566","FANAPT",0.5,0,0,0
"567","FARESTON",0,0,0,0
"568","FARXIGA",0,1,1,0
"569","FARYDAK",0,1,0,0
"570","FASLODEX",0,0,0,0
"571","FAZACLO",0,0,1,0
"572","FELBAMATE",0,0,0,0
"573","FELBATOL",0,0,1,0
"574","FELODIPINE",0,0,0,0
"575","FEMCON",0,0,1,0
"576","FEMYNOR",0,1,0,0
"577","FENOFIBRATE",0,0,0,0
"578","FENOFIBRIC",0,1,1,0
"579","FENOPROFEN",1,1,2,0
"580","FENTANYL",1,0,0,1
"581","FETZIMA",0,1,0,0
"582","FINASTERIDE",1,0,0,1
"583","FIRAZYR",0,1,1,0
"584","FIRMAGON",0.5,0,0,0
"585","FLAVOXATE",1,0,0,2
"586","FLECAINIDE",0,0,0,0
"587","FLOVENT",0,1,1,0
"588","FLUCONAZOLE",1,0,0,1
"589","FLUCONAZOLE-DEXT",0,1,1,0
"590","FLUCONAZOLE-NACL",0,1,0,0
"591","FLUCYTOSINE",2,0,0,1
"592","FLUDARABINE",2,0,1,1
"593","FLUDROCORTISONE",0,0,0,0
"594","FLUNISOLIDE",1,0,0,2
"595","FLUOCINOLONE",2,0,0,2
"596","FLUOCINONIDE",1.5,0,1,1
"597","FLUOCINONIDE-E",0,1,1,0
"598","FLUOROMETHOLONE",1,1,0,1
"599","FLUOROPLEX",0,0,1,0
"600","FLUOROURACIL",0,0,0,0
"601","FLUOXETINE",0.5,0,0,0
"602","FLUOXYMESTERONE",0,0,1,0
"603","FLUPHENAZINE",2,0,0,2
"604","FLURBIPROFEN",0,0,0,0
"605","FLUTAMIDE",0,0,0,0
"606","FLUTICASONE",0,0,0,0
"607","FLUVOXAMINE",1,0,0,1
"608","FML",0,0,1,0
"609","FOCALIN",0,0,1,0
"610","FOLOTYN",0,0,1,0
"611","FOMEPIZOLE",0,0,1,0
"612","FONDAPARINUX",1,0,1,1
"613","FORADIL",0,0,1,0
"614","FORTEO",0,0,0,0
"615","FORTICAL",0,0,1,0
"616","FOSCARNET",0,1,1,0
"617","FOSINOPRIL",1,0,0,2
"618","FOSINOPRIL-HCTZ",1,1,0,1
"619","FOSPHENYTOIN",0,0,1,0
"620","FRAGMIN",1,0,1,1
"621","FREAMINE",0,0,1,0
"622","FUROSEMIDE",0,0,0,0
"623","FUSILEV",0,0,1,0
"624","FUZEON",2,0,0,1
"625","FYCOMPA",0,1,0,0
"626","GABAPENTIN",0,0,0,0
"627","GABITRIL",0,0,1,0
"628","GALANTAMINE",0,0,0,0
"629","GAMASTAN",0,0,1,0
"630","GAMMAGARD",0,0,1,0
"631","GAMMAPLEX",0,0,1,0
"632","GAMUNEX-C",1,1,1,1
"633","GANCICLOVIR",1,0,0,3
"634","GARAMYCIN",0,1,1,0
"635","GARDASIL",0,0,0,0
"636","GATIFLOXACIN",0,1,0,0
"637","GATTEX",0,0,0,0
"638","GAVILYTE",0,0,1,0
"639","GAVILYTE-C",0,1,0,0
"640","GAVILYTE-G",0,1,0,0
"641","GAVILYTE-N",0,1,0,0
"642","GEMCITABINE",1,0,1,1
"643","GEMFIBROZIL",0,0,0,0
"644","GEMZAR",0,0,1,0
"645","GENERLAC",0,0,0,0
"646","GENGRAF",0,0,0,0
"647","GENTAK",1,0,0,1
"648","GENTAMICIN",2,0,0,1
"649","GENVOYA",0,1,0,0
"650","GEODON",0,0,0,0
"651","GIANVI",0,0,0,0
"652","GILDESS",0,1,1,0
"653","GILENYA",0,1,0,0
"654","GILOTRIF",0,1,0,0
"655","GLASSIA",0,1,1,0
"656","GLEEVEC",0,0,1,0
"657","GLEOSTINE",0,1,0,0
"658","GLIMEPIRIDE",0,0,0,0
"659","GLIPIZIDE",1,0,0,1
"660","GLIPIZIDE-METFORMIN",2,0,0,2
"661","GLUCAGEN",1,0,0,2
"662","GLUCAGON",1,0,1,2
"663","GLYBURID-METFORMIN",0,1,0,0
"664","GLYBURIDE",0,0,0,0
"665","GLYBURIDE-METFORMIN",1,0,0,1
"666","GLYCOPYRROLATE",1,0,0,1
"667","GLYSET",0,0,1,0
"668","GLYXAMBI",0,1,0,0
"669","GOLYTELY",0,0,1,0
"670","GRALISE",0,0,1,0
"671","GRANISETRON",0,0,0,0
"672","GRANISOL",0,0,1,0
"673","GRANIX",0,1,1,0
"674","GRIS-PEG",0,0,1,0
"675","GRISEOFULVIN",0,0,0,0
"676","GUANFACINE",1,0,0,1
"677","GUANIDINE",0,0,0,0
"678","H.P.",0,1,1,0
"679","HALAVEN",0,0,1,0
"680","HALDOL",0,0,1,0
"681","HALFLYTELY",0,0,1,0
"682","HALOBETASOL",1,0,1,1
"683","HALOG",0,0,1,0
"684","HALOPERIDOL",0,0,0,0
"685","HARVONI",0,1,0,0
"686","HAVRIX",0,0,0,0
"687","HECTOROL",0,0,1,0
"688","HEPARIN",0.5,0,0,0
"689","HEPATAMINE",0,0,0,0
"690","HEPATASOL",0,0,1,0
"691","HEPATITIS",0,0,0,0
"692","HEPSERA",0,0,1,0
"693","HERCEPTIN",0,0,0,0
"694","HETLIOZ",0,1,0,0
"695","HEXALEN",0,0,0,0
"696","HIBERIX",0,1,0,0
"697","HORIZANT",0,0,1,0
"698","HUMALOG",0,0,1,0
"699","HUMIRA",0,0,0,0
"700","HUMULIN",2,0,0,1
"701","HYCAMTIN",0,0,1,0
"702","HYCET",0,1,1,0
"703","HYDRALAZINE",1.5,0,0,1
"704","HYDROCHLOROTHIAZIDE",0,0,0,0
"705","HYDROCODON-ACETAMINOPH",0,1,0,0
"706","HYDROCODON-ACETAMINOPHEN",0,1,0,0
"707","HYDROCODON-ACETAMINOPHN",0,1,0,0
"708","HYDROCODONE",1,0,0,2
"709","HYDROCODONE-ACETAMINOPHEN",0,0,1,0
"710","HYDROCODONE-IBUPROFEN",0,1,0,0
"711","HYDROCODONE/APAP",0,0,1,0
"712","HYDROCORTISONE",0,0,0,0
"713","HYDROMORPHONE",0.5,0,0,0
"714","HYDROXYCHLOROQUINE",2,0,0,3
"715","HYDROXYUREA",0,0,0,0
"716","HYDROXYZINE",2,1,1,1
"717","HYPERRAB",0,1,1,0
"718","IBANDRONATE",0,0,1,0
"719","IBRANCE",0,1,0,0
"720","IBUPROFEN",0,0,0,0
"721","ICLUSIG",0,1,1,0
"722","IDAMYCIN",0,0,1,0
"723","IDARUBICIN",0,0,1,0
"724","IFEX",0,0,1,0
"725","IFOSFAMIDE",0,0,1,0
"726","ILEVRO",1,0,0,1
"727","ILOTYCIN",0,1,1,0
"728","IMATINIB",0,1,0,0
"729","IMBRUVICA",0,1,0,0
"730","IMFINZI",0,1,1,0
"731","IMIPENEM-CILASTATIN",1,0,1,1
"732","IMIPRAMINE",0,0,0,0
"733","IMIQUIMOD",1,0,0,1
"734","IMOGAM",0,1,1,0
"735","IMOVAX",0,0,0,0
"736","IMURAN",0,1,0,0
"737","INCIVEK",0,0,1,0
"738","INCRELEX",0,0,0,0
"739","INCRUSE",0,1,0,0
"740","INDAPAMIDE",0,0,0,0
"741","INDOCIN",0,0,1,0
"742","INDOMETHACIN",2,1,1,0
"743","INFERGEN",0,0,1,0
"744","INGREZZA",0,1,1,0
"745","INLYTA",0,0,0,0
"746","INTELENCE",0,0,0,0
"747","INTRALIPID",0,0,0,0
"748","INTRON",0.5,0,0,0
"749","INTROVALE",0,0,0,0
"750","INVANZ",0,1,0,0
"751","INVEGA",1,0,0,1
"752","INVIRASE",0,0,0,0
"753","INVOKAMET",0,1,0,0
"754","INVOKANA",1,1,0,1
"755","IONOSOL",0,0,1,0
"756","IPOL",0,0,0,0
"757","IPRAT-ALBUT",0,1,0,0
"758","IPRATROPIUM",0,0,0,0
"759","IRBESARTAN",1,0,0,1
"760","IRBESARTAN-HCTZ",1,0,0,1
"761","IRENKA",0,1,1,0
"762","IRESSA",0,1,0,0
"763","IRINOTECAN",1,0,1,1
"764","ISENTRESS",0.5,0,0,0
"765","ISOLYTE",0,0,1,0
"766","ISONIAZID",0,0,0,0
"767","ISOPTO",0,1,1,0
"768","ISORDIL",0,0,1,0
"769","ISOSORBIDE",0,0,0,0
"770","ISOTON",0,0,1,0
"771","ISOTONIC",0,1,1,0
"772","ISRADIPINE",1,0,0,1
"773","ISTODAX",0,0,1,0
"774","ITRACONAZOLE",0,0,0,0
"775","IVERMECTIN",0,1,0,0
"776","IXEMPRA",0,0,1,0
"777","IXIARO",0,0,0,0
"778","JADENU",0,1,0,0
"779","JAKAFI",0,0,0,0
"780","JALYN",1,0,1,1
"781","JANTOVEN",0,0,0,0
"782","JANUMET",0,0,0,0
"783","JANUVIA",0,0,0,0
"784","JARDIANCE",0,1,0,0
"785","JENTADUETO",1,0,0,1
"786","JEVTANA",0,0,1,0
"787","JULEBER",0,1,0,0
"788","JUNEL",0,0,0,0
"789","JUVISYNC",0,0,1,0
"790","KADCYLA",0,0,0,0
"791","KALETRA",0.5,0,0,0
"792","KALYDECO",0,0,0,0
"793","KANAMYCIN",0,0,1,0
"794","KAPVAY",0,0,1,0
"795","KARIVA",0,0,0,0
"796","KCL",0,1,1,0
"797","KELNOR",0,0,0,0
"798","KENALOG",0,0,1,0
"799","KENALOG-40",0,1,1,0
"800","KEPIVANCE",1,0,0,1
"801","KETEK",0,0,1,0
"802","KETOCONAZOLE",0,0,0,0
"803","KETOPROFEN",1,0,0,1
"804","KETOROLAC",0,0,0,0
"805","KEYTRUDA",0,1,1,0
"806","KIMIDESS",0,1,0,0
"807","KINRIX",0,1,0,0
"808","KIONEX",1,0,0,2
"809","KISQALI",0,1,0,0
"810","KLOR-CON",0,0,0,0
"811","KOMBIGLYZE",1,0,0,1
"812","KORLYM",0,0,0,0
"813","KUVAN",0,0,0,0
"814","KYNAMRO",0,1,1,0
"815","KYPROLIS",0,1,1,0
"816","L1",0,0,1,0
"817","LABETALOL",0,0,0,0
"818","LACLOTION",0,0,1,0
"819","LACRISERT",0,0,1,0
"820","LACTATED",0,0,0,0
"821","LACTULOSE",1,0,0,2
"822","LAMICTAL",0,0,1,0
"823","LAMIVUDINE",0,0,0,0
"824","LAMIVUDINE-ZIDOVUDINE",0,0,0,0
"825","LAMOTRIGINE",1,0,0,1
"826","LANOXIN",0,0,1,0
"827","LANREOTIDE",0,0,1,0
"828","LANSOPRAZOLE",0,0,1,0
"829","LANTUS",0,0,0,0
"830","LARIN",0,1,0,0
"831","LARISSIA-28",0,1,0,0
"832","LARTRUVO",0,1,0,0
"833","LATANOPROST",0,0,0,0
"834","LATUDA",0,0,0,0
"835","LAZANDA",0,1,1,0
"836","LEFLUNOMIDE",1,0,0,1
"837","LENVIMA",0,1,0,0
"838","LESSINA",0,0,0,0
"839","LETAIRIS",0,0,0,0
"840","LETROZOLE",0,0,0,0
"841","LEUCOVORIN",1,0,0,1
"842","LEUKERAN",1,0,0,1
"843","LEUKINE",0,0,1,0
"844","LEUPROLIDE",1,0,0,1
"845","LEVALBUTEROL",0,0,1,0
"846","LEVAQUIN",0,0,1,0
"847","LEVEMIR",0,0,0,0
"848","LEVETIRACETAM",0,0,0,0
"849","LEVOBUNOLOL",1,0,0,2
"850","LEVOCARNITINE",0.5,0,0,0
"851","LEVOCETIRIZINE",0,0,0,0
"852","LEVOFLOXACIN",1,0,0,1
"853","LEVOFLOXACIN-D5W",0,1,1,0
"854","LEVOLEUCOVORIN",0,1,0,0
"855","LEVONEST-28",0,0,0,0
"856","LEVONOR-ETH",0,0,0,0
"857","LEVORA-28",0,0,0,0
"858","LEVORPHANOL",1,0,1,1
"859","LEVOTHROID",0,0,1,0
"860","LEVOTHYROXINE",0,0,0,0
"861","LEVOXYL",0,0,0,0
"862","LEXIVA",0.5,0,0,0
"863","LIALDA",1,0,0,1
"864","LIDOCAINE",1,0,0,3
"865","LIDOCAINE-PRILOCAINE",2,0,0,2
"866","LIDODERM",0,0,1,0
"867","LINCOMYCIN",0,1,0,0
"868","LINDANE",0,0,0,0
"869","LINEZOLID",1,1,0,1
"870","LINZESS",1,0,0,1
"871","LIORESAL",0,0,1,0
"872","LIOTHYRONINE",1,0,0,1
"873","LIPOSYN",0,0,1,0
"874","LISINOPRIL",0,0,0,0
"875","LISINOPRIL-HCTZ",0,0,0,0
"876","LITHIUM",0,0,0,0
"877","LITHOSTAT",0,1,0,0
"878","LOKARA",2,0,1,2
"879","LOMEDIA",0,1,0,0
"880","LOMUSTINE",0,1,1,0
"881","LONSURF",0,1,0,0
"882","LOPERAMIDE",0,0,0,0
"883","LOPINAVIR-RITONAVIR",0,1,0,0
"884","LORAZEPAM",0,0,0,0
"885","LORYNA",0,0,0,0
"886","LOSARTAN",1,0,0,2
"887","LOSARTAN-HCTZ",0,0,0,0
"888","LOSEASONIQUE",0,0,1,0
"889","LOTEMAX",0,1,1,0
"890","LOTRONEX",0,0,1,0
"891","LOVASTATIN",0,0,0,0
"892","LOVAZA",0,0,1,0
"893","LOW-OGESTREL-28",0,1,1,0
"894","LOXAPINE",1,0,0,1
"895","LUMIGAN",0,0,0,0
"896","LUMIZYME",0,0,0,0
"897","LUPRON",0.5,1,1,0
"898","LUTERA",0,0,1,0
"899","LUTERA-28",0,1,0,0
"900","LUVOX",0,0,1,0
"901","LYNPARZA",0,1,0,0
"902","LYRICA",0,0,0,0
"903","LYSODREN",2,0,0,2
"904","LYZA",0,1,0,0
"905","M-M-R",0,0,0,0
"906","MAGNESIUM",0,0,1,0
"907","MALARONE",0,0,1,0
"908","MALATHION",2,0,0,2
"909","MAPROTILINE",2,0,0,1
"910","MARLISSA-28",0,0,0,0
"911","MARPLAN",0,0,0,0
"912","MATULANE",0,0,0,0
"913","MAXALT",0,0,1,0
"914","MAXITROL",0,0,1,0
"915","MEASLES",0,1,0,0
"916","MECLIZINE",1,0,0,1
"917","MECLOFENAMATE",2,0,0,2
"918","MEDROXYPROGESTERONE",0,0,0,0
"919","MEFLOQUINE",1,0,0,2
"920","MEGESTROL",1,0,0,1
"921","MEKINIST",0,1,0,0
"922","MELOXICAM",0,0,0,0
"923","MELPHALAN",1,0,1,1
"924","MEMANTINE",1,1,0,1
"925","MENACTRA",0,0,0,0
"926","MENEST",0,0,0,0
"927","MENHIBRIX",0,1,1,0
"928","MENOMUNE-A/C/Y/W-135",0,1,1,0
"929","MENTAX",0,0,0,0
"930","MENVEO",0,0,0,0
"931","MEPERIDINE",0,1,0,0
"932","MEPRON",0,0,1,0
"933","MERCAPTOPURINE",0,0,0,0
"934","MEROPENEM",0,0,0,0
"935","MERREM",0,0,1,0
"936","MESALAMINE",1,0,1,1
"937","MESNA",0,0,1,0
"938","MESNEX",1,0,0,1
"939","METADATE",0,0,1,0
"940","METAPROTERENOL",2,0,0,1
"941","METAXALONE",0,1,1,0
"942","METFORMIN",0,0,0,0
"943","METHADONE",1,0,0,1
"944","METHADOSE",0,0,1,0
"945","METHAMPHETAMINE",1,0,1,1
"946","METHAZOLAMIDE",1,0,0,1
"947","METHENAMINE",1,0,0,1
"948","METHERGINE",0,0,1,0
"949","METHIMAZOLE",0,0,0,0
"950","METHITEST",0,0,0,0
"951","METHOCARBAMOL",2,0,0,1
"952","METHOTREXATE",0,0,0,0
"953","METHOXSALEN",0,1,0,0
"954","METHSCOPOLAMINE",0,0,1,0
"955","METHYCLOTHIAZIDE",1,0,0,1
"956","METHYLDOPA",0,1,0,0
"957","METHYLDOPA/HCTZ",0,1,0,0
"958","METHYLERGONOVINE",1,0,1,1
"959","METHYLIN",0,0,1,0
"960","METHYLPHENIDATE",0,0,0,0
"961","METHYLPREDNISOLONE",1,0,0,2
"962","METHYLTESTOSTERONE",0,1,0,0
"963","METIPRANOLOL",0,0,0,0
"964","METOCLOPRAMIDE",0.5,0,0,0
"965","METOLAZONE",0,0,1,0
"966","METOPROLOL",0.5,0,0,0
"967","METOPROLOL-HYDROCHLOROTHIAZIDE",0,0,0,0
"968","METRONIDAZOLE",2,0,0,1
"969","MEXILETINE",2,0,0,1
"970","MIACALCIN",0,1,0,0
"971","MICONAZOLE",1,0,0,1
"972","MICROENCAPSULATED",0,1,0,0
"973","MICROGESTIN",0,0,0,0
"974","MIDODRINE",1,0,0,1
"975","MIDOSTAURIN",0,1,0,0
"976","MIGERGOT",0,0,1,0
"977","MIGLITOL",0,1,0,0
"978","MIMVEY",0,1,0,0
"979","MINOCYCLINE",0.5,0,0,0
"980","MINOXIDIL",0,0,0,0
"981","MIRTAZAPINE",0,0,0,0
"982","MISOPROSTOL",1,0,0,1
"983","MITOMYCIN",0,0,0,0
"984","MITOXANTRONE",0,0,1,0
"985","MODAFINIL",1,0,0,1
"986","MOEXIPRIL",0,0,0,0
"987","MOEXIPRIL-HYDROCHLOROTHIAZIDE",0,0,0,0
"988","MOLINDONE",0,1,1,0
"989","MOMETASONE",1,0,0,2
"990","MONTELUKAST",0,0,0,0
"991","MORPHINE",0,0,0,0
"992","MOVIPREP",0,0,1,0
"993","MOXEZA",0,0,1,0
"994","MOZOBIL",0,1,1,0
"995","MULTAQ",1,0,0,1
"996","MUPIROCIN",0.5,0,0,0
"997","MUSTARGEN",0,0,1,0
"998","MYALEPT",0,1,0,0
"999","MYCOBUTIN",0,0,1,0
"1000","MYCOPHENOLATE",1.5,0,0,1
"1001","MYCOPHENOLIC",1,1,0,1
"1002","MYFORTIC",1,0,0,1
"1003","MYORISAN",0,1,0,0
"1004","MYOZYME",0,0,1,0
"1005","MYRBETRIQ",0,1,0,0
"1006","NABUMETONE",1,0,0,1
"1007","NADOLOL",2,0,0,1
"1008","NADOLOL-BENDROFLU",1,0,0,1
"1009","NAFCILLIN",1,0,0,1
"1010","NAGLAZYME",0,0,0,0
"1011","NALBUPHINE",0,0,1,0
"1012","NALFON",0,0,1,0
"1013","NALOXONE",0.5,0,0,0
"1014","NALTREXONE",0,0,0,0
"1015","NAMENDA",0,0,0,0
"1016","NAMZARIC",0,1,0,0
"1017","NAPROXEN",0,0,0,0
"1018","NARATRIPTAN",1,0,0,1
"1019","NARCAN",0,1,0,0
"1020","NARDIL",0,0,1,0
"1021","NASONEX",0,0,1,0
"1022","NATACYN",0,1,1,0
"1023","NATEGLINIDE",0,0,0,0
"1024","NATPARA",0,1,0,0
"1025","NEBUPENT",0,1,0,0
"1026","NECON",0,0,0,0
"1027","NEFAZODONE",2,0,0,2
"1028","NEISSERIA",0,1,0,0
"1029","NEO/POLYMYXIN/HC",1,0,0,3
"1030","NEOMYCIN",1,0,0,1
"1031","NEOMYCIN-BACITRACIN-POLY-HC",1,0,0,1
"1032","NEOMYCIN-POLYMYXIN-HC",2,0,0,2
"1033","NEOMYCIN/POLYMY/DEXA",2,0,0,2
"1034","NEOMYCIN/POLYMY/GRAM",1,0,0,1
"1035","NEOMYCIN/POLYMY/HYDRO",1,0,0,2
"1036","NEOSPORIN",0,0,0,0
"1037","NEPHRAMINE",0,0,0,0
"1038","NEULASTA",0,0,0,0
"1039","NEUPOGEN",0,0,0,0
"1040","NEUPRO",0,0,0,0
"1041","NEURONTIN",0,0,1,0
"1042","NEVANAC",0,0,1,0
"1043","NEVIRAPINE",1,0,0,0
"1044","NEXAVAR",0,0,0,0
"1045","NEXIUM",0,1,1,0
"1046","NEXT",0,0,1,0
"1047","NEXTERONE",0,0,1,0
"1048","NIACOR",1,0,0,2
"1049","NIASPAN",0,0,1,0
"1050","NICARDIPINE",2,0,0,2
"1051","NICOTROL",0,0,0,0
"1052","NIFEDIAC",0,0,1,0
"1053","NIFEDICAL",0,0,1,0
"1054","NIFEDIPINE",0,0,0,0
"1055","NIKKI",0,1,0,0
"1056","NILANDRON",0,0,1,0
"1057","NILUTAMIDE",1,1,0,1
"1058","NIMODIPINE",0,0,0,0
"1059","NINLARO",0,1,0,0
"1060","NIPENT",0,0,1,0
"1061","NISOLDIPINE",0,0,1,0
"1062","NITRO-DUR",0,0,1,0
"1063","NITROFURANTOIN",1,0,0,1
"1064","NITROGLYCERIN",1,0,0,1
"1065","NITROLINGUAL",0,0,1,0
"1066","NITROSTAT",0,0,0,0
"1067","NIZATIDINE",1,1,1,0
"1068","NORET-ESTR-FE",0,1,0,0
"1069","NORETHIN-ESTRAD-FERR",0,1,0,0
"1070","NORETHIND-ETH",0,1,0,0
"1071","NORETHINDRONE",1,0,0,1
"1072","NORG-EE",0,1,0,0
"1073","NORG-ETHIN",0,1,0,0
"1074","NORLYROC",0,1,0,0
"1075","NORMOSOL",0,0,1,0
"1076","NORMOSOL-M",0,0,1,0
"1077","NORMOSOL-R",0,0,1,0
"1078","NORTHERA",0,1,0,0
"1079","NORTREL",0,0,0,0
"1080","NORTRIPTYLINE",0.5,0,0,0
"1081","NORVIR",0,0,0,0
"1082","NOVOLIN",0,0,0,0
"1083","NOVOLOG",0,0,0,0
"1084","NOXAFIL",0,0,0,0
"1085","NUEDEXTA",1,0,0,1
"1086","NULOJIX",0,0,0,0
"1087","NULYTELY",0,0,1,0
"1088","NUPLAZID",0,1,0,0
"1089","NUTRILIPID",0,1,0,0
"1090","NUVIGIL",1,1,1,1
"1091","NYAMYC",1,0,0,1
"1092","NYATA",0,1,0,0
"1093","NYSTATIN",1,0,0,2
"1094","NYSTATIN/TRIAMCINOLONE",3,0,0,2
"1095","NYSTOP",1,0,0,1
"1096","OCTREOTIDE",1,0,0,1
"1097","OCUTRICIN",1,0,0,1
"1098","ODEFSEY",0,1,0,0
"1099","ODOMZO",0,1,0,0
"1100","OFEV",0,1,0,0
"1101","OFLOXACIN",1,0,0,3
"1102","OGESTREL",0,0,0,0
"1103","OLANZAPINE",0,0,0,0
"1104","OLMSRTN-AMLDPN-HCTZ",0,1,0,0
"1105","OLOPATADINE",0,1,0,0
"1106","OMEGA-3",0,1,1,0
"1107","OMEPRAZOLE",0,0,0,0
"1108","OMNITROPE",1,0,0,1
"1109","ONCASPAR",0,1,1,0
"1110","ONDANSETRON",1,0,0,2
"1111","ONFI",0,0,0,0
"1112","ONGLYZA",1,0,0,1
"1113","ONTAK",0,0,1,0
"1114","OPDIVO",0,1,1,0
"1115","OPRELVEKIN",0,0,1,0
"1116","OPSUMIT",0,1,0,0
"1117","ORAP",0,0,1,0
"1118","ORAPRED",0,0,1,0
"1119","ORBACTIV",0,1,0,0
"1120","ORFADIN",0,0,0,0
"1121","ORKAMBI",0,1,0,0
"1122","ORPHENADRINE",1,0,0,1
"1123","ORSYTHIA",0,0,0,0
"1124","ORTHO",0,1,1,0
"1125","OSELTAMIVIR",1,1,0,1
"1126","OSMOPREP",0,0,1,0
"1127","OXACILLIN",0,0,1,0
"1128","OXALIPLATIN",3,0,0,2
"1129","OXANDROLONE",0,0,0,0
"1130","OXAPROZIN",2,0,1,2
"1131","OXAZEPAM",0,0,0,0
"1132","OXCARBAZEPINE",0,0,0,0
"1133","OXSORALEN",0,0,1,0
"1134","OXSORALEN-ULTRA",0,0,1,0
"1135","OXYBUTYNIN",0,0,0,0
"1136","OXYCODON-ACETAMINOPHEN",0,1,0,0
"1137","OXYCODONE",0,0,0,0
"1138","OXYCODONE-ACETAMINOPHEN",0,0,0,0
"1139","OXYCODONE-ASPIRIN",0,1,0,0
"1140","OXYCODONE-IBUPROFEN",0,1,1,0
"1141","PACERONE",0,0,0,0
"1142","PACLITAXEL",0,0,0,0
"1143","PALIPERIDONE",0,1,0,0
"1144","PAMIDRONATE",0,0,0,0
"1145","PANCREAZE",0,0,1,0
"1146","PANRETIN",0,0,0,0
"1147","PANTOPRAZOLE",0,0,0,0
"1148","PARENTERAL",0,1,0,0
"1149","PARICALCITOL",1,1,0,1
"1150","PAROMOMYCIN",0,0,0,0
"1151","PAROXETINE",0.5,0,0,0
"1152","PASER",2,0,0,1
"1153","PATADAY",1,0,1,1
"1154","PAXIL",0,0,0,0
"1155","PAZEO",0,1,0,0
"1156","PCE",0,0,1,0
"1157","PEDI-DRI",0,0,1,0
"1158","PEDIARIX",0,1,1,0
"1159","PEDVAXHIB",0,0,0,0
"1160","PEG",0,1,0,0
"1161","PEG-3350",0,1,0,0
"1162","PEGANONE",0,0,0,0
"1163","PEGASYS",0,1,1,0
"1164","PEGINTRON",0,0,1,0
"1165","PENICILLIN",0.5,0,0,0
"1166","PENTAM",0,1,0,0
"1167","PENTAZOCINE",0,1,1,0
"1168","PENTAZOCINE-NALOXONE",0,1,0,0
"1169","PENTOSTATIN",0,0,1,0
"1170","PENTOXIFYLLINE",0,0,0,0
"1171","PERFOROMIST",0,0,0,0
"1172","PERINDOPRIL",1,0,0,1
"1173","PERIOGARD",0,0,1,0
"1174","PERJETA",0,0,1,0
"1175","PERMETHRIN",1,0,0,1
"1176","PERPHEN-AMITRIP",0,1,0,0
"1177","PERPHENAZINE",2,0,0,1
"1178","PFIZERPEN",1,0,1,1
"1179","PHENADOZ",1,0,1,1
"1180","PHENELZINE",0,0,0,0
"1181","PHENOBARBITAL",0,0,0,0
"1182","PHENYTEK",1,0,0,1
"1183","PHENYTOIN",1,0,0,2
"1184","PHOSLYRA",0,0,1,0
"1185","PHOSPHOLINE",0,0,0,0
"1186","PHYSIOLYTE",0,0,1,0
"1187","PHYSIOSOL",0,0,1,0
"1188","PILOCARPINE",1,0,0,2
"1189","PILOPINE",0,0,1,0
"1190","PIMOZIDE",0,1,0,0
"1191","PIMTREA",0,1,0,0
"1192","PINDOLOL",1,0,0,1
"1193","PIOGLITAZ-GLIMEPIR",0,0,0,0
"1194","PIOGLITAZONE",0,0,0,0
"1195","PIOGLITAZONE-METFORMIN",1,0,0,2
"1196","PIPERACIL-TAZOBACT",0,1,0,0
"1197","PIPERACILLIN",2,0,0,1
"1198","PIPERACILLIN-TAZOBACTAM",0,1,1,0
"1199","PIRMELLA",0,1,0,0
"1200","PIROXICAM",1,0,0,1
"1201","PLASMA-LYTE",0,0,1,0
"1202","PLEGRIDY",0,1,1,0
"1203","PODOFILOX",1,0,0,1
"1204","POLYETH",1,0,1,1
"1205","POLYETHYLENE",1,1,1,0
"1206","POLYMYXIN",1.5,0,0,1
"1207","POLYTRIM",0,0,1,0
"1208","POMALYST",0,0,0,0
"1209","PORTIA",0,0,0,0
"1210","POTASSIUM",0,0,0,0
"1211","POTIGA",0,0,1,0
"1212","PRADAXA",1,0,0,1
"1213","PRALUENT",0,1,0,0
"1214","PRAMIPEXOLE",0,0,0,0
"1215","PRANDIN",0,0,1,0
"1216","PRAVASTATIN",1,0,0,1
"1217","PRAZOSIN",1,0,0,1
"1218","PRED",0,0,0,0
"1219","PRED-G",0,0,0,0
"1220","PREDNICARBATE",2,0,1,2
"1221","PREDNISOLONE",1,0,0,1
"1222","PREDNISONE",0.5,0,0,0
"1223","PREMARIN",1,0,0,2
"1224","PREMASOL",0,0,0,0
"1225","PREMPHASE",0,1,1,0
"1226","PREMPRO",0,1,1,0
"1227","PREVALITE",1,0,0,2
"1228","PREVIFEM",0,0,0,0
"1229","PREZCOBIX",0,1,0,0
"1230","PREZISTA",0,0,0,0
"1231","PRIFTIN",0,0,0,0
"1232","PRIMAQUINE",0,1,0,0
"1233","PRIMAXIN",0,0,1,0
"1234","PRIMIDONE",1,0,0,1
"1235","PRIMSOL",2,1,1,0
"1236","PRISTIQ",0,0,0,0
"1237","PRIVIGEN",0,1,2,0
"1238","PROAIR",0,0,1,0
"1239","PROBENECID",1,0,0,1
"1240","PROBENECID/COLCHICINE",1,0,0,1
"1241","PROCAINAMIDE",0,0,1,0
"1242","PROCALAMINE",0,0,0,0
"1243","PROCHLORPERAZINE",1,0,0,0
"1244","PROCRIT",0.5,0,0,0
"1245","PROCTO-MED",2,1,0,1
"1246","PROCTO-PAK",0,0,0,0
"1247","PROCTOCREAM",0,0,1,0
"1248","PROCTOSOL-HC",2,1,0,1
"1249","PROCTOZONE-HC",2,0,0,2
"1250","PROGESTERONE",1,0,0,2
"1251","PROGLYCEM",0,0,0,0
"1252","PROGRAF",0,0,1,0
"1253","PROLASTIN-C",0,0,1,0
"1254","PROLEUKIN",0,0,0,0
"1255","PROLIA",0,0,0,0
"1256","PROMACTA",0,0,0,0
"1257","PROMETHAZINE",1,1,0,2
"1258","PROMETHEGAN",2,0,0,2
"1259","PROPAFENONE",0.5,0,0,0
"1260","PROPANTHELINE",1,0,0,1
"1261","PROPARACAINE",0,0,0,0
"1262","PROPRANOLOL",1,0,0,1
"1263","PROPRANOLOL/HCTZ",1,0,0,1
"1264","PROPYLTHIOURACIL",1,0,0,1
"1265","PROQUAD",0,0,1,0
"1266","PROTONIX",0,1,2,0
"1267","PROTRIPTYLINE",2,0,0,2
"1268","PULMOZYME",0,0,0,0
"1269","PURIXAN",1,1,0,2
"1270","PYRAZINAMIDE",0,1,0,0
"1271","PYRIDOSTIGMINE",1,0,0,1
"1272","QUADRACEL",0,1,1,0
"1273","QUALAQUIN",0,0,1,0
"1274","QUASENSE",0,0,0,0
"1275","QUETIAPINE",1,0,0,1
"1276","QUINAPRIL",1,0,0,2
"1277","QUINAPRIL-HCTZ",0,1,0,0
"1278","QUINIDINE",0,0,0,0
"1279","QUININE",0,0,0,0
"1280","QVAR",0,0,1,0
"1281","RABAVERT",0,1,0,0
"1282","RABIES",0,1,1,0
"1283","RALOXIFENE",0,1,0,0
"1284","RAMIPRIL",0,0,0,0
"1285","RANEXA",0,1,0,0
"1286","RANITIDINE",0.5,0,0,0
"1287","RAPAMUNE",0,0,0,0
"1288","RASAGILINE",1,1,0,1
"1289","REBETOL",0,0,0,0
"1290","REBIF",0,0,1,0
"1291","RECLAST",0,0,1,0
"1292","RECLIPSEN",0,0,0,0
"1293","RECOMBIVAX",0,0,0,0
"1294","RECTIV",0,0,0,0
"1295","REGRANEX",0,0,0,0
"1296","RELENZA",0,0,0,0
"1297","RELISTOR",1,0,0,1
"1298","REMICADE",0,0,0,0
"1299","REMODULIN",0,0,0,0
"1300","RENVELA",0,0,0,0
"1301","REPAGLINIDE",1,1,0,1
"1302","REPATHA",0,1,0,0
"1303","RESCRIPTOR",0,0,0,0
"1304","RESERPINE",0,0,1,0
"1305","RESTASIS",1,0,0,1
"1306","RETROVIR",0,0,0,0
"1307","REVATIO",2,1,1,0
"1308","REVLIMID",0,0,0,0
"1309","REXULTI",0,1,0,0
"1310","REYATAZ",0,0,0,0
"1311","RHEUMATREX",0,0,1,0
"1312","RIBASPHERE",0,1,0,0
"1313","RIBAVIRIN",0,0,0,0
"1314","RIDAURA",1,0,0,1
"1315","RIFABUTIN",0,1,0,0
"1316","RIFAMATE",0,0,0,0
"1317","RIFAMPIN",0,0,0,0
"1318","RIFATER",0,1,0,0
"1319","RILUTEK",2,0,1,1
"1320","RILUZOLE",0,1,0,0
"1321","RIMANTADINE",2,0,0,2
"1322","RINGERS",0,0,1,0
"1323","RISEDRONATE",0,1,1,0
"1324","RISPERDAL",0,0,0,0
"1325","RISPERIDONE",1,0,0,1
"1326","RISPERIODONE",0,0,1,0
"1327","RITUXAN",2,0,0,1
"1328","RIVASTIGMINE",2,0,0,1
"1329","RIZATRIPTAN",1.5,0,0,0
"1330","ROCEPHIN",0,0,1,0
"1331","ROPINIROLE",0,0,0,0
"1332","ROSUVASTATIN",1,1,0,1
"1333","ROTARIX",0,1,0,0
"1334","ROTATEQ",0,0,0,0
"1335","ROWEEPRA",0,1,0,0
"1336","ROXICET",0,0,1,0
"1337","RUBRACA",0,1,0,0
"1338","RYDAPT",0,1,1,0
"1339","SAIZEN",0,0,1,0
"1340","SANCUSO",0,0,0,0
"1341","SANDIMMUNE",0,1,0,0
"1342","SANDOSTATIN",0,0,1,0
"1343","SANTYL",0,1,0,0
"1344","SAPHRIS",1,0,0,1
"1345","SAVELLA",0,0,0,0
"1346","SELEGILINE",1,0,0,1
"1347","SELENIUM",0,0,1,0
"1348","SELZENTRY",0,0,0,0
"1349","SEMPREX-D",0,0,1,0
"1350","SENSIPAR",0,0,0,0
"1351","SEREVENT",0,1,1,0
"1352","SEROMYCIN",0,0,1,0
"1353","SEROQUEL",0,0,1,0
"1354","SEROSTIM",0,0,0,0
"1355","SERTRALINE",0,0,0,0
"1356","SETLAKIN",0,1,0,0
"1357","SEVELAMER",0,0,0,0
"1358","SHAROBEL",0,1,0,0
"1359","SIGNIFOR",0,0,0,0
"1360","SILDENAFIL",1,0,0,1
"1361","SILVER",0,0,0,0
"1362","SIMPONI",0,1,0,0
"1363","SIMULECT",0,0,0,0
"1364","SIMVASTATIN",0,0,0,0
"1365","SINGULAIR",0,0,1,0
"1366","SIROLIMUS",0,1,0,0
"1367","SIRTURO",0,0,0,0
"1368","SIVEXTRO",0,1,0,0
"1369","SODIUM",2,0,0,1
"1370","SOLTAMOX",1,0,0,1
"1371","SOLU",0,0,1,0
"1372","SOLU-MEDROL",0,0,1,0
"1373","SOMATULINE",0,0,0,0
"1374","SOMAVERT",0,0,0,0
"1375","SORIATANE",0,0,1,0
"1376","SORINE",0,0,0,0
"1377","SOTALOL",0,0,0,0
"1378","SOVALDI",0,1,1,0
"1379","SOYBEAN",0,1,0,0
"1380","SPIRIVA",0,0,0,0
"1381","SPIRONOLACTONE",0,0,0,0
"1382","SPIRONOLACTONE-HCTZ",0,1,0,0
"1383","SPIRONOLACTONE/HCTZ",0,0,1,0
"1384","SPRINTEC",3,0,0,1
"1385","SPRITAM",0,1,0,0
"1386","SPRYCEL",0,0,0,0
"1387","SPS",0,1,0,0
"1388","SRONYX",0,0,0,0
"1389","SSD",0,1,0,0
"1390","STAVUDINE",1,0,0,1
"1391","STELARA",0,0,1,0
"1392","STERILE",1.5,0,0,1
"1393","STIMATE",1,0,0,1
"1394","STIOLTO",0,1,0,0
"1395","STIVARGA",0,0,0,0
"1396","STRATTERA",0,0,1,0
"1397","STRENSIQ",0,1,0,0
"1398","STREPTOMYCIN",0,0,1,0
"1399","STRIBILD",0,0,0,0
"1400","STRIVERDI",0,1,0,0
"1401","STROMECTOL",0,0,1,0
"1402","SUBOXONE",0,0,1,0
"1403","SUCRAID",0,1,0,0
"1404","SUCRALFATE",0,0,0,0
"1405","SULF-PRED",0,1,0,0
"1406","SULFACETAMIDE",1,0,0,1
"1407","SULFACETAMIDE-PREDNISOLONE",0,0,1,0
"1408","SULFADIAZINE",0,0,0,0
"1409","SULFAMETHOXAZOLE",2.5,0,0,1
"1410","SULFAMETHOXAZOLE-TMP",0,2,1,0
"1411","SULFAMETHOXAZOLE-TRIMETHOPRIM",0,0,1,0
"1412","SULFASALAZINE",0,0,0,0
"1413","SULFAZINE",1,1,1,1
"1414","SULINDAC",0,0,0,0
"1415","SUMATRIPTAN",2,0,0,1
"1416","SUPRAX",0,1,1,0
"1417","SUPREP",0,0,0,0
"1418","SURMONTIL",0,0,1,0
"1419","SUSTIVA",1,0,0,1
"1420","SUTENT",0,0,0,0
"1421","SYLATRON",0,0,0,0
"1422","SYLVANT",0,1,0,0
"1423","SYMBICORT",0,0,0,0
"1424","SYMLINPEN",1,0,0,1
"1425","SYNAGIS",0,1,0,0
"1426","SYNAREL",0,0,0,0
"1427","SYNERCID",0,0,0,0
"1428","SYNJARDY",0,1,0,0
"1429","SYNRIBO",0,0,0,0
"1430","SYNTHROID",0,0,0,0
"1431","SYPRINE",1,0,0,1
"1432","TABLOID",1,0,0,1
"1433","TACROLIMUS",2,0,0,2
"1434","TAFINLAR",0,1,0,0
"1435","TAGRISSO",0,1,0,0
"1436","TAMIFLU",0,0,0,0
"1437","TAMOXIFEN",1,0,0,1
"1438","TAMSULOSIN",0,0,0,0
"1439","TARCEVA",0,0,0,0
"1440","TARGRETIN",0,0,0,0
"1441","TARINA",0,1,0,0
"1442","TASIGNA",0,0,0,0
"1443","TASMAR",0,0,1,0
"1444","TAXOTERE",0,0,1,0
"1445","TAZAROTENE",0,1,0,0
"1446","TAZORAC",0,0,0,0
"1447","TAZTIA",0,0,0,0
"1448","TECENTRIQ",0,1,1,0
"1449","TEFLARO",0,0,0,0
"1450","TEGRETOL",0,0,1,0
"1451","TEKAMLO",0,0,1,0
"1452","TEKTURNA",0,0,0,0
"1453","TEMAZEPAM",2,0,0,2
"1454","TENIVAC",0,1,0,0
"1455","TERAZOSIN",0,0,0,0
"1456","TERBINAFINE",0,0,0,0
"1457","TERBUTALINE",1,0,0,1
"1458","TERCONAZOLE",1,0,0,1
"1459","TESTOSTERONE",0,0,0,0
"1460","TESTRED",1,0,1,1
"1461","TETANUS",0,0,1,0
"1462","TETRABENAZINE",0,1,0,0
"1463","TETRACYCLINE",2,1,2,0
"1464","THALOMID",1,0,0,1
"1465","THEOPHYLLINE",0,0,0,0
"1466","THERMAZENE",0,0,1,0
"1467","THIOLA",1,1,0,1
"1468","THIORIDAZINE",0,0,0,0
"1469","THIOTEPA",0,1,2,0
"1470","THIOTHIXENE",2,0,0,2
"1471","THYMOGLOBULIN",0,0,0,0
"1472","THYROLAR-1",0,1,0,0
"1473","THYROLAR-1/2",0,1,0,0
"1474","THYROLAR-1/4",0,1,0,0
"1475","THYROLAR-2",0,1,0,0
"1476","THYROLAR-3",0,1,0,0
"1477","TIAGABINE",0,0,0,0
"1478","TICLOPIDINE",1,0,1,1
"1479","TIGECYCLINE",0,1,0,0
"1480","TIKOSYN",0,0,1,0
"1481","TIMENTIN",0,0,1,0
"1482","TIMOLOL",1,0,0,1
"1483","TIMOPTIC",0,0,1,0
"1484","TINIDAZOLE",0,0,0,0
"1485","TIVICAY",0,1,0,0
"1486","TIZANIDINE",0,0,0,0
"1487","TOBI",0,0,0,0
"1488","TOBRADEX",0,0,1,0
"1489","TOBRAMYCIN",1,0,0,1
"1490","TOBRAMYCIN-DEXAMETH",1,0,0,1
"1491","TOBREX",0,0,0,0
"1492","TOFRANIL",0,0,1,0
"1493","TOFRANIL-PM",0,0,1,0
"1494","TOLAK",0,1,0,0
"1495","TOLAZAMIDE",1,0,1,1
"1496","TOLBUTAMIDE",1,0,1,1
"1497","TOLCAPONE",0,1,0,0
"1498","TOLMETIN",1,0,1,1
"1499","TOLTERODINE",0.5,1,1,0
"1500","TOLVAPTAN",0,0,0,0
"1501","TOPIRAMATE",0,0,0,0
"1502","TOPOSAR",0,0,1,0
"1503","TOPOTECAN",0,0,1,0
"1504","TORISEL",0,0,0,0
"1505","TORSEMIDE",0,0,0,0
"1506","TOUJEO",0,1,0,0
"1507","TOVIAZ",0,1,0,0
"1508","TPN",0,0,1,0
"1509","TRACLEER",0,0,1,0
"1510","TRADJENTA",1,0,0,1
"1511","TRAMADOL",1,0,0,0
"1512","TRAMADOL-ACETAMINOPHN",0,1,0,0
"1513","TRANDOLAPRIL",0,0,0,0
"1514","TRANEXAMIC",1,0,0,0
"1515","TRANSDERM-SCOP",0,1,0,0
"1516","TRANYLCYPROMINE",0,0,0,0
"1517","TRAVASOL",0,0,1,0
"1518","TRAVATAN",0,0,0,0
"1519","TRAZODONE",0,0,0,0
"1520","TREANDA",0,0,0,0
"1521","TRECATOR",0,0,0,0
"1522","TRELSTAR",0,0,1,0
"1523","TRESIBA",0,1,0,0
"1524","TRETINOIN",1,0,0,1
"1525","TREXALL",0,0,0,0
"1526","TRI",0,0,0,0
"1527","TRI-LEGEST",0,0,0,0
"1528","TRI-LO-ESTARYLLA",0,1,0,0
"1529","TRI-LO-SPRINTEC",0,1,0,0
"1530","TRI-SPRINTEC",0,0,0,0
"1531","TRIAMCINOLONE",0,0,0,0
"1532","TRIAMTERENE",1,0,1,1
"1533","TRIAMTERENE-HCTZ",0,1,0,0
"1534","TRIAMTERENE/HCTZ",1,0,0,0
"1535","TRIBENZOR",1,1,1,1
"1536","TRICOR",0,0,1,0
"1537","TRIDERM",0,0,1,0
"1538","TRIFLUOPERAZINE",1,0,0,1
"1539","TRIFLURIDINE",1,0,0,1
"1540","TRIHEXYPHENIDYL",0,0,0,0
"1541","TRILEPTAL",0,0,1,0
"1542","TRILYTE",0,1,0,0
"1543","TRIMETHOBENZAMIDE",1,0,0,1
"1544","TRIMETHOPRIM",0,0,0,0
"1545","TRIMIPRAMINE",0,1,1,0
"1546","TRINESSA",0,0,0,0
"1547","TRINTELLIX",0,1,0,0
"1548","TRISENOX",0,0,1,0
"1549","TRIUMEQ",0,1,0,0
"1550","TRIVORA",0,0,1,0
"1551","TRIVORA-28",0,1,0,0
"1552","TRIZIVIR",2,0,1,1
"1553","TROPHAMINE",0,0,0,0
"1554","TROSPIUM",0,0,1,0
"1555","TRULICITY",1,1,0,1
"1556","TRUMENBA",0,1,1,0
"1557","TRUVADA",0,0,0,0
"1558","TWINJECT",0,0,1,0
"1559","TWINRIX",0,0,0,0
"1560","TYBOST",0,1,0,0
"1561","TYGACIL",1,0,1,1
"1562","TYKERB",2,0,0,1
"1563","TYPHIM",0,0,0,0
"1564","TYSABRI",0,1,0,0
"1565","TYZEKA",1,0,1,1
"1566","TYZINE",1,0,1,1
"1567","U-CORT",0,0,1,0
"1568","UNITHROID",1,0,0,1
"1569","URSODIOL",1,0,0,1
"1570","UVADEX",0,0,1,0
"1571","VALACYCLOVIR",0,0,0,0
"1572","VALCHLOR",0,1,0,0
"1573","VALCYTE",0,0,1,0
"1574","VALGANCICLOVIR",0,1,0,0
"1575","VALPROATE",0,0,1,0
"1576","VALPROIC",0,0,0,0
"1577","VALSARTAN",1,1,0,1
"1578","VALSARTAN-HCTZ",1,0,0,1
"1579","VANCOCIN",0,0,1,0
"1580","VANCOMYCIN",1,0,0,1
"1581","VAQTA",0,0,0,0
"1582","VARICELLA-ZOSTER",0,1,1,0
"1583","VARIVAX",0,0,0,0
"1584","VARIZIG",0,1,1,0
"1585","VASCEPA",0,1,0,0
"1586","VECTIBIX",0,0,0,0
"1587","VELCADE",0,0,1,0
"1588","VELIVET",0,0,0,0
"1589","VELTASSA",0,1,0,0
"1590","VEMLIDY",0,1,0,0
"1591","VENCLEXTA",0,1,0,0
"1592","VENLAFAXINE",1,0,0,1
"1593","VENTAVIS",0,1,0,0
"1594","VENTOLIN",0,1,1,0
"1595","VERAMYST",0,0,1,0
"1596","VERAPAMIL",0,0,0,0
"1597","VEREGEN",1,0,1,1
"1598","VERIPRED",0,0,0,0
"1599","VERSACLOZ",0,1,0,0
"1600","VESTURA",2,0,0,1
"1601","VFEND",0,0,1,0
"1602","VIBATIV",0,0,1,0
"1603","VIBERZI",0,1,0,0
"1604","VIBRAMYCIN",0,0,1,0
"1605","VICTOZA",0,0,0,0
"1606","VICTRELIS",0,0,1,0
"1607","VIDAZA",0,0,1,0
"1608","VIDEX",0,0,0,0
"1609","VIENVA-28",0,1,0,0
"1610","VIGABATRIN",0,0,0,0
"1611","VIGAMOX",0,0,0,0
"1612","VIIBRYD",0,0,0,0
"1613","VIMPAT",0,0,0,0
"1614","VINBLASTINE",1,0,1,1
"1615","VINCRISTINE",1,0,0,0
"1616","VINORELBINE",0,0,1,0
"1617","VIRACEPT",0.5,0,0,0
"1618","VIRAMUNE",0,0,1,0
"1619","VIRAZOLE",0,1,1,0
"1620","VIREAD",1,0,0,1
"1621","VITEKTA",0,1,1,0
"1622","VOLTAREN",0,1,1,0
"1623","VORICONAZOLE",0,0,0,0
"1624","VOTRIENT",0,0,0,0
"1625","VPRIV",0,0,1,0
"1626","VRAYLAR",0,1,0,0
"1627","WARFARIN",0,0,0,0
"1628","WELCHOL",0,1,1,0
"1629","WYMZYA",0,1,0,0
"1630","XALKORI",0,0,0,0
"1631","XARELTO",0,0,0,0
"1632","XELJANZ",0,1,0,0
"1633","XENAZINE",0,0,1,0
"1634","XGEVA",0,0,0,0
"1635","XIFAXAN",0.5,0,0,0
"1636","XIGDUO",0,1,0,0
"1637","XIIDRA",0,1,0,0
"1638","XOLAIR",0,0,0,0
"1639","XTAMPZA",0,1,0,0
"1640","XTANDI",0,0,0,0
"1641","XYLOCAINE",0,1,1,0
"1642","XYREM",0,0,0,0
"1643","YERVOY",0,0,0,0
"1644","YF-VAX",0,0,0,0
"1645","YONDELIS",0,1,1,0
"1646","ZAFIRLUKAST",1,0,0,1
"1647","ZALEPLON",1,0,0,1
"1648","ZALTRAP",0,0,0,0
"1649","ZANOSAR",0,0,1,0
"1650","ZARAH",0,1,0,0
"1651","ZARXIO",0,1,0,0
"1652","ZAVESCA",0,0,0,0
"1653","ZAZOLE",1,1,1,1
"1654","ZEJULA",0,1,0,0
"1655","ZELBORAF",0,0,0,0
"1656","ZEMAIRA",0,0,1,0
"1657","ZEMPLAR",0,0,1,0
"1658","ZENATANE",0,1,0,0
"1659","ZENCHENT",0,0,0,0
"1660","ZENPEP",1,0,0,1
"1661","ZENZEDI",0,1,0,0
"1662","ZEOSA",0,0,1,0
"1663","ZERBAXA",0,1,1,0
"1664","ZERIT",0,1,1,0
"1665","ZETIA",0,0,1,0
"1666","ZIAGEN",0,0,0,0
"1667","ZIDOVUDINE",0,0,0,0
"1668","ZIPRASIDONE",1,0,0,1
"1669","ZIRGAN",0,0,0,0
"1670","ZOLEDRONIC",0.5,0,0,0
"1671","ZOLINZA",0,0,0,0
"1672","ZOLPIDEM",1,0,0,2
"1673","ZOMETA",0,0,1,0
"1674","ZONISAMIDE",0,0,0,0
"1675","ZONTIVITY",0,1,1,0
"1676","ZORTRESS",0,0,0,0
"1677","ZOSTAVAX",0,0,0,0
"1678","ZOVIA",0,0,0,0
"1679","ZOVIRAX",1,0,0,0
"1680","ZUBSOLV",0,1,0,0
"1681","ZYBAN",0,0,1,0
"1682","ZYDELIG",0,1,0,0
"1683","ZYKADIA",0,1,0,0
"1684","ZYMAXID",0,0,1,0
"1685","ZYPREXA",0,0,0,0
"1686","ZYTIGA",0,0,0,0
"1687","ZYVOX",0,0,1,0
