"","name","2013","2014","2015","2016","2017","2018"
"1","A-HYDROCORT",2,2,2,2,,
"2","ABACAVIR",4,4.5,4.5,4.5,4.5,4.5
"3","ABACAVIR-LAMIVUDINE",,,,,5,5
"4","ABELCENT",,5,5,5,5,
"5","ABILIFY",4,4,4,5,5,5
"6","ABRAXANE",5,5,5,5,5,5
"7","ACAMPROSATE",,,4,4,4,4
"8","ACARBOSE",3,4,4,4,4,4
"9","ACEBUTOLOL",2,2,2,2,2,2
"10","ACELLULAR",4,4,4,4,4,4
"11","ACETAMINOP-CODEINE",,,,,3,3
"12","ACETAMINOPHEN",3,3,3,3,3,3
"13","ACETAMINOPHEN-COD",,,3,3,3,3
"14","ACETASOL",4,4,4,4,4,4
"15","ACETAZOLAMIDE",2,2,2,2.5,3,3
"16","ACETIC",2,2,2,2,2,2
"17","ACETYLCYSTEINE",2,2,2,2,3,3
"18","ACITRETIN",,5,5,5,5,5
"19","ACTHIB",4,4,4,4,4,4
"20","ACTIMMUNE",5,5,5,5,5,5
"21","ACTONEL",4,,,,,
"22","ACTOPLUS",4,,,,,
"23","ACTOS",4,,,,,
"24","ACYCLOVIR",2,2,2,3,3,3
"25","ACZONE",4,4,,,,
"26","ADACEL",4,4,4,4,4,4
"27","ADAGEN",5,5,5,5,5,5
"28","ADALIMUMAB",5,5,5,5,5,5
"29","ADAPALENE",4,4,,,4,4
"30","ADCIRCA",5,5,5,5,5,5
"31","ADEFOVIR",,5,5,5,5,5
"32","ADEMPAS",,5,5,5,5,5
"33","ADRIAMYCIN",,,,,4,
"34","ADVAIR",3,,,,,
"35","AFEDITAB",3,3,3,3,3,3
"36","AFINITOR",5,5,5,5,5,5
"37","AGGRENOX",4,,,,,
"38","AK-CON",2,2,2,2,,
"39","ALA-SCALP",3,3,,,,
"40","ALBENZA",4,4,4,5,5,5
"41","ALBUTEROL",1,1,2,2,2,2
"42","ALCLOMETASONE",2,3,3,3,3,
"43","ALDURAZYME",5,5,,,,
"44","ALECENSA",,,,5,5,5
"45","ALENDRONATE",2,2,2,2,2,2
"46","ALENDRONIC",,,,,,2
"47","ALFUZOSIN",3,2,2,2,2,2
"48","ALIMTA",5,5,5,5,5,5
"49","ALINIA",4,4,4,4,4,4
"50","ALKERAN",4,4,4,4,4,
"51","ALLOPURINOL",1,1,1,1,1,1
"52","ALOSETRON",,,5,5,5,
"53","ALPRAZOLAM",2,4,4,3,3,3
"54","ALSUMA",4,4,4,,,
"55","ALTABAX",4,4,4,4,,
"56","ALUNBRIG",,,,,5,5
"57","AMABELZ",,,,,4,4
"58","AMANTADINE",2,3,3,4,4,4
"59","AMBISOME",,4,4,4,4,5
"60","AMCINONIDE",2,3,4,4,,
"61","AMETHIA",,,,,4,4
"62","AMIFOSTINE",3,5,5,5,,
"63","AMIKACIN",3,4,4,4,4,4
"64","AMILORIDE",1.5,2.5,2.5,2.5,2.5,2.5
"65","AMINO",,,,,,4
"66","AMINOPHYLLINE",2,2,2,2,2,4
"67","AMINOSYN",4,4,4,4,4,4
"68","AMINOSYN-PF",4,4,4,4,4,4
"69","AMINOSYN-RF",,,,,,4
"70","AMIODARONE",2,2,2,2,3,4
"71","AMITIZA",3,,,,,
"72","AMITRIP/PERPHEN",2,3,3,3,4,4
"73","AMITRIPTYLINE",1,1,1,2,1,1
"74","AMLODIPINE",3,3,3,3,3,2.5
"75","AMLODIPINE-ATORVASTATIN",,2,3,4,,
"76","AMLODIPINE-BENAZEPRIL",,3,3,3,3,3
"77","AMMONIUM",2,2,2,2,2,2
"78","AMOX",2,2,2,2,2,2
"79","AMOX-CLAV",,,,2,2,2
"80","AMOXAPINE",2,3,3,3,4,4
"81","AMOXICILLIN",2,2,2,2,2,1
"82","AMPHETAMINE",3,3,4,4,3,3
"83","AMPHOTEC",4,,,,,
"84","AMPHOTERICIN",3,4,4,4,4,4
"85","AMPICILLIN",2,2,2,2,2,3
"86","AMPICILLIN-SULBACTAM",4,4,4,4,4,4
"87","AMPYRA",5,5,5,5,5,5
"88","AMTURNIDE",3,,,,,
"89","ANADROL-50",,,5,5,5,5
"90","ANAGRELIDE",2,3,3,3,3,3
"91","ANASTROZOLE",2,2,2,2,2,2
"92","ANCOBON",4,4,4,4,4,
"93","ANDROGEL",3,3,3,3,3,3
"94","ANDROID",4,4,,,,
"95","ANORO",,,,,,3
"96","APAP-CAFFEINE-DIHYDROCODE",4,,,,,
"97","APOKYN",5,5,5,5,5,5
"98","APRACLONIDINE",3,4,4,4,4,4
"99","APREPITANT",,,,,4,4
"100","APRI",4,4,4,4,4,4
"101","APRISO",3,3,3,3,3,3
"102","APTIOM",,4,4,4,4,4
"103","APTIVUS",5,5,5,5,5,5
"104","ARALAST",5,,5,5,5,5
"105","ARANELLE",4,4,4,4,4,4
"106","ARCALYST",5,5,5,5,5,5
"107","ARCAPTA",4,4,4,4,,
"108","ARGATROBAN",2,2,2,,,4
"109","ARIPIPRAZOLE",,,4,4,4,4
"110","ARISTADA",,,,5,5,5
"111","ARMODAFINIL",,,,3,4,4
"112","ARNUITY",,,,,3,3
"113","ARRANON",5,5,5,5,5,5
"114","ARZERRA",5,5,5,,,
"115","ASMANEX",3,3,3,3,,
"116","ASPIRIN-DIPHENHYDRAMINE",,,,,4,
"117","ASPIRIN-DIPYRIDAM",,,,4,,
"118","ASTEPRO",,,3,,,
"119","ASTRAMORPH",3,,,,,
"120","ATELVIA",4,4,4,4,4,
"121","ATENOLOL",1,1,1,1,1,1
"122","ATENOLOL-CHLORTHALIDONE",,1,1,1,2,2
"123","ATENOLOL/CHLORTHALIDONE",1,1,1,1,2,2
"124","ATGAM",,,,,,4
"125","ATOMOXETINE",,,,,4,4
"126","ATORVASTATIN",2,2,2,2,2,2
"127","ATOVAQUONE",4,4.5,5,5,5,5
"128","ATOVAQUONE-PROGUANIL",,,4,4,4,4
"129","ATRIPLA",5,5,5,5,5,5
"130","ATROPINE",2,2,2,2,1,1
"131","ATROVENT",4,4,4,,,4
"132","AUBRA-28",,,4,4,4,4
"133","AUGMENTED",2,3,3,,,
"134","AURYXIA",,,,,4,4
"135","AVANDIA",,4,4,4,4,4
"136","AVASTIN",5,5,5,5,5,5
"137","AVELOX",4,4,,,,
"138","AVIANE",4,4,4,4,4,4
"139","AVODART",3,3,3,4,,
"140","AVONEX",5,5,5,,,
"141","AZACITIDINE",,5,5,5,5,
"142","AZASAN",,,4,4,,
"143","AZASITE",3,3,3,3,3,
"144","AZATHIOPRINE",2,2,2,3,2,2
"145","AZELASTINE",3,3,3,3,3,3
"146","AZILECT",3,3,3,3,3,
"147","AZITHROMYCIN",2,2,2,3,2,2
"148","AZOPT",3,3,3,3,3,3
"149","AZOR",,3,3,3,,
"150","AZTREONAM",2,3,4,4,4,4
"151","BACITRACIN",2,2.5,3,3,3.5,3.5
"152","BACITRACIN/POLYMYXIN",2,2,3,3,3,3
"153","BACLOFEN",1.5,1.5,1.5,2,2,1.5
"154","BACTROBAN",4,4,,,,
"155","BALSALAZIDE",3,4,4,4,4,4
"156","BANZEL",4,5,5,5,5,5
"157","BARACLUDE",5,5,5,5,5,5
"158","BAVENCIO",,,,,5,
"159","BCG",,4,4,4,4,4
"160","BEKYREE",,,,4,4,4
"161","BELEODAQ",,,5,5,5,5
"162","BENAZEPRIL",1.5,1.5,1.5,1.5,1.5,1.5
"163","BENICAR",,3,3,3,,
"164","BENLYSTA",5,5,5,5,5,5
"165","BENZTROPINE",2,2,2,2,2,2
"166","BESIVANCE",3,3,3,3,3,3
"167","BETAMETHASONE",2,3,3,3,3,3
"168","BETASERON",5,,,,5,5
"169","BETAXOLOL",2,4,4,3,3,3
"170","BETHANECHOL",3,4,3,3,3,3
"171","BETHKIS",,5,5,5,5,5
"172","BETIMOL",4,,,,,
"173","BEVESPI",,,,,,4
"174","BEXAROTENE",,,,5,5,5
"175","BEXSERO",,,4,4,4,4
"176","BICALUTAMIDE",2,2,3,3,3,3
"177","BICILL",,,4,4,4,4
"178","BICILLIN",,,4,4,4,4
"179","BICNU",4,4,4,4,4,
"180","BIDIL",3,3,3,3,3,3
"181","BILTRICIDE",4,,,,,
"182","BINOSTO",,4,4,4,4,4
"183","BISOPROLOL",1,1,1,1,1,2
"184","BISOPROLOL-HCTZ",,,,,,1
"185","BLEOMYCIN",3,3,3,3,3,
"186","BLEPHAMIDE",4,4,4,4,,
"187","BLISOVI",,,,4,4,4
"188","BOOSTRIX",4,4,4,4,4,4
"189","BOSULIF",5,5,5,5,5,5
"190","BREO",,,,3,3,3
"191","BRILINTA",3,3,3,3,3,3
"192","BRIMONIDINE",3,3,3,3,3,3
"193","BRINTELLIX",,4,4,,,
"194","BRIVIACT",,,,5,5,5
"195","BROMOCRIPTINE",4,4,4,4,3,4
"196","BROVANA",4,4,,4,4,4
"197","BUDEPRION",3,3,,,,
"198","BUDESONIDE",3,4,4,4,4,4
"199","BUMETANIDE",1.5,1.5,1.5,2,2,2
"200","BUPHENYL",5,5,,5,,
"201","BUPRENORPHINE",4,4,4,4,3,3
"202","BUPROBAN",3,3,3,3,,
"203","BUPROPION",3,3,3,3,3,3
"204","BUSPIRONE",2,2,2,2,2,2
"205","BUSULFAN",,,,,4,
"206","BUSULFEX",4,4,4,4,4,
"207","BUTALB-ACETAMIN-CAFF",,,,,,4
"208","BUTALB-CAFF-ACETAMINOPH-CODEIN",,,,,,3
"209","BUTALBITAL",,,,3,3,3
"210","BUTALBITAL-ASA-CAFFEINE",,,4,4,4,4
"211","BUTALBITAL/ACETAMINOPHEN",,,4,4,4,4
"212","BUTALBITAL/ACETAMINOPHEN/CAFFEINE",,4,4,4,4,4
"213","BUTALBITAL/ASPIRIN/CAFFEINE",,4,,,,
"214","BUTALBITAL/CAFFEINE/ACETAMINOPH/CODEIN",,,,3,3,
"215","BUTISOL",4,4,4,4,4,4
"216","BUTORPHANOL",3,3,3,3,4,3
"217","BYDUREON",4,4,3,,4,4
"218","BYETTA",4,4,,,,
"219","CABERGOLINE",2,,,,4,4
"220","CABOMETYX",,,,5,5,5
"221","CALCIPOTRIENE",3,3.5,4,4,4,4
"222","CALCITONIN",3,3,3,3,3,3
"223","CALCITRIOL",3,3,3,2.5,2.5,2
"224","CALCIUM",3,4,4,3,3.5,3
"225","CAMILA",4,4,4,4,4,4
"226","CAMPATH",5,,,,,
"227","CAMPRAL",4,,,,,
"228","CAMRESE",,,,,4,4
"229","CANASA",3,3,3,3,3,3
"230","CANCIDAS",5,5,5,5,5,5
"231","CANDESARTAN",,3,3,3,3,3
"232","CANDESARTAN-HCTZ",,3,3,3,3,3
"233","CAPASTAT",4,4,4,4,4,4
"234","CAPITAL",4,4,4,4,,
"235","CAPRELSA",5,5,5,5,5,5
"236","CAPTOPRIL",1.5,1.5,2,2.5,3,3
"237","CARAC",4,,,,,
"238","CARBAGLU",5,5,5,5,5,5
"239","CARBAMAZEPINE",2,3,4,4,4,4
"240","CARBATROL",4,4,4,4,,
"241","CARBIDOPA",3,3,3,4,4,4
"242","CARBIDOPA-LEVO",,3,,,,3
"243","CARBIDOPA-LEVODOPA",2,,,,2,2
"244","CARBIDOPA-LEVODOPA-ENTA",,,,,,4
"245","CARBIDOPA-LEVODOPA-ENTACAPONE",,,,,,4
"246","CARBIDOPA/LEVO",3,3,3,2,,
"247","CARBOPLATIN",3,3,3,3,3,3
"248","CARIMUNE",5,,,,,
"249","CARISOPRODOL",3,4,2,2,2,2
"250","CARNITOR",4,4,,,,
"251","CARTEOLOL",2,2,2,2,2,2
"252","CARTIA",3,3,3,3,3,3
"253","CARVEDILOL",1,1,1,1,1,1
"254","CAYSTON",5,5,5,5,5,5
"255","CAZIANT",,,,,4,4
"256","CEENU",4,4,,,,
"257","CEFACLOR",2,3,3,3,4,4
"258","CEFADROXIL",2,2.5,3,3,3,3
"259","CEFAZOLIN",3,3,3,3,3,4
"260","CEFDINIR",3,3,3,3,3,3
"261","CEFEPIME",4,4,4,4,4,4
"262","CEFOTAXIME",2,2,2,2,2,
"263","CEFOTETAN",4,4,4,4,4,4
"264","CEFOXITIN",4,4,4,4,4,4
"265","CEFPODOXIME",4,4,4,4,4,4
"266","CEFPROZIL",3,3,3,3,3.5,3.5
"267","CEFTAZIDIME",2,3,3,3,4,4
"268","CEFTRIAXONE",3,3,3,3,3,4
"269","CEFUROXIME",3,3,3,3,3,4
"270","CELLCEPT",4.5,4.5,4.5,4.5,4.5,4.5
"271","CELONTIN",4,4,4,4,4,4
"272","CEPHALEXIN",2,2,2,2,2,2
"273","CERDELGA",,,,5,5,5
"274","CEREZYME",5,5,,5,5,5
"275","CERUBIDINE",4,,,,,
"276","CERVARIX",,4,4,4,,
"277","CETIRIZINE",2,2,2,2,2,2
"278","CHANTIX",4,4,4,4,4,4
"279","CHEMET",4,4,4,4,4,5
"280","CHENODAL",4,5,5,5,5,5
"281","CHLORAMPHEN",2,2,2,2,2,
"282","CHLORDIAZEPOXIDE",,,,4,4,4
"283","CHLORHEXIDINE",1,1,1,1,1,1
"284","CHLOROQUINE",2,2,2,2,2,3
"285","CHLOROTHIAZIDE",2,2,2,2,2,2
"286","CHLORPROMAZINE",2,3,3,3,4,4
"287","CHLORTHALIDONE",2,2,2,2,2,2
"288","CHOLBAM",,,,5,5,5
"289","CHOLESTYRAMINE",3,4,4,3,3,3
"290","CHORIONIC",4,4,4,3,3,4
"291","CICLOPIROX",3,4,4,4,4,4
"292","CILASTATIN",,,,,,4
"293","CILOSTAZOL",2,2,2,2,2,2
"294","CIMETIDINE",2,2,2,2,2,2
"295","CIMZIA",5,,,,,
"296","CINRYZE",,,5,5,5,5
"297","CIPRO",,2,,,,
"298","CIPROFLOXACIN",2,2,2,2,2,2
"299","CISPLATIN",3,3,3,3,4,
"300","CITALOPRAM",1,1,1,1,1.5,1.5
"301","CITOLOPRAM",2,2,2,2,,
"302","CLADRIBINE",2,5,5,5,5,5
"303","CLARAVIS",,,4,4,,
"304","CLARITHROMYCIN",2,2,3,3,3,3
"305","CLEMASTINE",,,3,4,4,4
"306","CLEOCIN",4,4,4,,,
"307","CLINDAMAX",,,3,3,4,
"308","CLINDAMYCIN",2,2,3,3,3,4
"309","CLINDAMYCIN-D5W",4,4,4,4,4,4
"310","CLINIMIX",4,4,4,4,4,4
"311","CLOBETASOL",2,2,2,3,4,
"312","CLOFARABINE",,,,,5,5
"313","CLOLAR",5,5,5,5,5,5
"314","CLOMIPRAMINE",2,2,4,4,4,4
"315","CLONAZEPAM",4,4,4,4,4,4
"316","CLONIDINE",3,4,4,4,4,3
"317","CLOPIDOGREL",2,2,2,2,2,2
"318","CLORAZEPATE",4,4,4,4,3,3
"319","CLORPRES",4,4,4,4,4,
"320","CLOTRIMAZOLE",2,2,2,2,2,2
"321","CLOTRIMAZOLE-BETAMETHASONE",2,3,3,3,4,4
"322","CLOTRIMAZOLE/BETAMETHASONE",2,3,3,3,3,3
"323","CLOZAPINE",3,3,4,4,4,4
"324","COARTEM",4,4,4,4,4,4
"325","CODEINE",3,3,3,3,3,
"326","COLCHICINE",,,3,3,,
"327","COLCRYS",3,3,3,3,3,3
"328","COLESTIPOL",3,4,4,4,3.5,3.5
"329","COLISTIMETHATE",4,4,4,4,4,4
"330","COLLAGENASE",4,4,4,,,
"331","COLOCORT",3,4,4,4,3,4
"332","COLY",4,4,,,,
"333","COMBIGAN",,3,3,3,3,3
"334","COMETRIQ",5,5,5,5,5,5
"335","COMPLERA",5,5,5,5,5,5
"336","COMPRO",2,3,3,3,4,4
"337","COMTAN",4,,,,,
"338","COMVAX",4,4,4,,,
"339","CONSTULOSE",2,2,2,2,2,2
"340","COPAXONE",5,5,5,5,5,5
"341","CORLANOR",,,,,4,4
"342","CORMAX",,,4,4,4,
"343","CORTIFOAM",4,4,4,,,
"344","CORTISONE",2,2,2,3,4,4
"345","COSENTYX",,,5,5,5,5
"346","COSMEGEN",5,5,5,5,5,
"347","COTELLIC",,,,5,5,5
"348","COUMADIN",4,4,4,4,4,4
"349","COVERA-HS",4,,,,,
"350","CREON",3,3,3,3,3,3
"351","CRESEMBA",,,5,5,5,5
"352","CRESTOR",3,3,3,3,,
"353","CRIXIVAN",4,4,4,4,4,4
"354","CROMOLYN",2,2,3,3,3,3
"355","CUBICIN",5,5,5,5,5,
"356","CUPRIMINE",,,4,4,4,4
"357","CYCLAFEM",4,4,4,4,4,4
"358","CYCLOBENZAPRINE",,,4,4,4,4
"359","CYCLOPHOSPHAMIDE",4,4,4,4,4,4
"360","CYCLOSET",,4,4,4,4,4
"361","CYCLOSPORINE",4,4,4,4,4,4
"362","CYKLOKAPRON",3,3,3,3,3,
"363","CYMBALTA",3,3,,,,
"364","CYPROHEPTADINE",,4,4,4,4,4
"365","CYRAMZA",,,,5,5,5
"366","CYSTADANE",4,4,5,5,5,5
"367","CYSTAGON",4,4,4,4,4,4
"368","CYSTARAN",5,5,5,5,5,5
"369","CYTARABINE",2,2,2,2,2,
"370","CYTOMEL",4,4,4,4,4,
"371","CYTOVENE",4,4,4,,,
"372","D-AMPHETAMINE",,,,,4,4
"373","DACARBAZINE",2,2,2,4,4,
"374","DACOGEN",5,5,5,,,
"375","DAKLINZA",,,,5,5,
"376","DALIRESP",,3,3,3,3,3
"377","DANAZOL",4,4,4,4,4,4
"378","DANTROLENE",3,4,4,4,4,4
"379","DAPSONE",2,3,3,3,3,3
"380","DAPTACEL",4,4,4,4,4,4
"381","DAPTOMYCIN",,,,,5,5
"382","DARAPRIM",4,4,4,4,5,5
"383","DARZALEX",,,,5,5,5
"384","DAUNORUBICIN",2,2,2,2,2,
"385","DAUNOXOME",,,4,,,
"386","DAYTRANA",4,4,,,,
"387","DEBLITANE",,,4,4,4,4
"388","DECAVAC",4,,,,,
"389","DECITABINE",,5,5,5,5,
"390","DEGARELIX",5,5,,,,
"391","DELESTROGEN",,4,4,,,
"392","DELYLA-28",,,4,4,4,4
"393","DEMECLOCYCLINE",4,4,4,4,4,4
"394","DEMSER",4,4,4,5,5,5
"395","DENAVIR",4,4,4,4,4,4
"396","DEPEN",,,,,5,5
"397","DEPO-ESTRADIOL",2,2,2,2,4,4
"398","DESCOVY",,,,5,5,5
"399","DESIPRAMINE",3,4,4,4,4,4
"400","DESMOPRESSIN",3,3,3,4,4,4
"401","DESOGESTR-ETH",,,4,4,4,4
"402","DESONIDE",2,3,4,4,4,
"403","DESOXIMETASONE",4,4,4,4,4,4
"404","DESVENLAFAXINE",,,,,4,4
"405","DEXAMETHASONE",2,2,2,2,2,2
"406","DEXILANT",,,4,4,4,4
"407","DEXMETHYLPHENIDATE",2,3,4,4,4,4
"408","DEXRAZOXANE",3,4,4,4,4,
"409","DEXTROAMP-AMPHET",3,4,4,4,4,4
"410","DEXTROAMP-AMPHETAMIN",,,,,3,3
"411","DEXTROAMP-AMPHETAMINE",,,,,,3
"412","DEXTROAMPHETAMINE",3,4,4,4,4,4
"413","DEXTROSE",2,2,2,2,2,2
"414","DIASTAT",,,,,4,4
"415","DIAZEPAM",4,4,4,4,3,3
"416","DICLOFENAC",2,2,2,2,2,2
"417","DICLOXACILLIN",2,2,2,2,2,2
"418","DICYCLOMINE",2,2,2,1,1,1
"419","DIDANOSINE",4,4,4,4,4,4
"420","DIFICID",5,,5,5,5,5
"421","DIFLORASONE",3,,,,,
"422","DIFLUNISAL",3,4,4,4,4,
"423","DIGITEK",,,2,2,3,3
"424","DIGOXIN",1.5,1.5,2.5,2.5,4,4
"425","DIHYDROERGOTAMINE",4,,4,4,4,
"426","DILANTIN",4,4,4,4,4,4
"427","DILANTIN-125",4,4,4,4,4,4
"428","DILATRATE-SR",4,4,,,,
"429","DILT",,3,3,3,3,3
"430","DILT-CD",3,3,,,,
"431","DILT-XR",3,3,3,3,3,
"432","DILTIAZEM",3,3,3,3,3,3
"433","DIOVAN",3,3,,,,
"434","DIPH-TETANUS",,,,,,4
"435","DIPHENHYDRAMINE",,,4,3.5,4,4
"436","DIPHENOXYLATE",2,2,2,2,4,4
"437","DIPHENOXYLATE/ATROPINE",2,3,3,3,4,4
"438","DIPHTHERIA",,,,,,4
"439","DIPHTHERIA-TETANUS",,4,4,4,4,
"440","DIPHTHERIA,",,,,,,4
"441","DIPYRIDAMOLE",,,,4,4,4
"442","DISOPYRAMIDE",2,2,3,2,4,4
"443","DISULFIRAM",3.5,,4,4,4,4
"444","DIURIL",3,4,4,4,4,4
"445","DIVALPROEX",3,3,3,3,2.5,2.5
"446","DOCEFREZ",4.5,4.5,4,4,,
"447","DOCETAXEL",5,5,5,5,4,
"448","DOFETILIDE",,,,,4,4
"449","DOLUTEGRAVIR",,,,4,,
"450","DONEPEZIL",2,2,2,2,2,2
"451","DORIBAX",4,4,4,4,4,
"452","DORZOLAMIDE",3,2,2,2,2,2
"453","DOXAZOSIN",1,1,2,2,2,2
"454","DOXEPIN",1,1,2,2,4,4
"455","DOXERCALCIFEROL",3,3,3,,,
"456","DOXORUBICIN",3.5,4,4,4,4,
"457","DOXY",,,3,,,4
"458","DOXYCYCLINE",2,2,3,3,3,3
"459","DRONABINOL",4,4,4,4,4,4
"460","DROSPIRENONE-EE",,,,4,4,4
"461","DROSPIRENONE-ETH",4,4,4,4,4,4
"462","DROXIA",4,4,4,4,4,4
"463","DUAVEE",,,4,4,4,4
"464","DUETACT",4,,,,,
"465","DULERA",3,3,3,3,,
"466","DULOXETINE",,3,3,3,3,3
"467","DUONEB",4,4,,,,
"468","DURAMORPH",4,4,4,4,4,
"469","DUREZOL",3,3,3,3,3,3
"470","DUTASTERIDE",,,,3,3,3
"471","DUTASTERIDE-TAMSULOSIN",,,,4,4,
"472","DYRENIUM",4,4,4,,,
"473","E.E.S.",4,4,4,4,,
"474","ECONAZOLE",2,2,2,3,4,
"475","EDURANT",4,4,4,4,4,5
"476","EFFIENT",3,3,3,3,3,
"477","EGRIFTA",5,5,5,5,5,5
"478","ELAPRASE",5,5,,,,
"479","ELAVIL",,,,2,1,1
"480","ELELYSO",5,5,5,5,5,
"481","ELESTAT",4,,,,,
"482","ELIDEL",4,4,4,4,4,4
"483","ELIPHOS",2,,,,,
"484","ELIQUIS",3,3,3,3,3,3
"485","ELITEK",5,5,5,5,5,5
"486","ELIXOPHYLLIN",2,2,2,2,,
"487","ELLA",,,3,,,
"488","ELMIRON",4,4,4,4,4,4
"489","ELOXATIN",5,,,,,
"490","EMBEDA",,,,,3,3
"491","EMCYT",4,4,4,4,4,5
"492","EMEND",4,4,4,4,4,4
"493","EMOQUETTE",4,4,4,4,4,4
"494","EMPAGLIFLOZIN",,,,,,3
"495","EMPLICITI",,,,5,5,5
"496","EMSAM",5,5,4,4,4,5
"497","EMTRIVA",4,4,4,4,4,4
"498","ENALAPRIL",1,1,1,1,2,2
"499","ENALAPRIL-HCTZ",,,,,,1
"500","ENBREL",5,5,5,5,5,5
"501","ENDOCET",3,3,3,3,3,3
"502","ENGERIX",4,4,4,4,4,4
"503","ENGERIX-B",4,4,4,4,4,4
"504","ENOXAPARIN",4,4,4,4,4,4
"505","ENTACAPONE",4,4,4,4,4,3
"506","ENTECAVIR",,,5,5,5,5
"507","ENTRESTO",,,,3,3,3
"508","ENULOSE",2,2,2,2,2,2
"509","EPCLUSA",,,,,5,5
"510","EPIDUO",4,4,,,,
"511","EPINASTINE",3,2,3,3,3,3
"512","EPINEPHRINE",2,,,,3,3
"513","EPIPEN",4,4,4,3,3,3
"514","EPIRUBICIN",3,4,4,4,4,4
"515","EPITOL",1,1,1,1,3,3
"516","EPIVIR",4,4,4,4,4,4
"517","EPLERENONE",3,4,4,4,4,4
"518","EPOGEN",4,4,4,4,4,4
"519","EPZICOM",5,5,5,5,5,
"520","EQUETRO",4,4,4,4,4,4
"521","ERAXIS",4,4,4,4,4,4
"522","ERAXIS(WATER",,,,,4,4
"523","ERBITUX",5,5,5,,,
"524","ERGOMAR",2,2,2,2,,
"525","ERIVEDGE",5,5,5,5,5,5
"526","ERRIN",4,4,4,4,4,4
"527","ERWINAZE",,5,5,5,5,
"528","ERY",2,2,2,3,3,3
"529","ERY-TAB",4,4,4,4,,
"530","ERYPED",4,4,4,,,
"531","ERYTHROCIN",2,2,2.5,2.5,2,4
"532","ERYTHROMYCIN",2,2,2,2.5,3,4
"533","ERYTHROMYCIN-BENZOYL",3,3,3,3,4,4
"534","ESBRIET",,,,5,5,5
"535","ESCITALOPRAM",3,2,2,2,2,2
"536","ESTRACE",,,,4,4,3
"537","ESTRADIOL",2,2,3,3,4,4
"538","ESTRADIOL-NORETH",,,,4,4,4
"539","ESTRING",,,,4,4,4
"540","ESTROPIPATE",,,,3,3,3
"541","ESZOPICLONE",,,,4,4,
"542","ETHACRYNATE",,,,4,4,
"543","ETHAMBUTOL",3,4,4,4,4,4
"544","ETHINYL",4,4,4,4,4,4
"545","ETHOSUXIMIDE",3,3,3.5,4,4,4
"546","ETHYNODIOL-ETH",,,,,4,4
"547","ETIDRONATE",3,4,4,4,4,4
"548","ETODOLAC",2,2,2,3,3,
"549","ETOPOPHOS",5,4,4,4,4,
"550","ETOPOSIDE",3,,3,3,3,3
"551","EURAX",4,4,4,4,,
"552","EVISTA",3,3,,,,
"553","EVOTAZ",,,5,5,5,5
"554","EXELON",4,4,4,4,4,4
"555","EXEMESTANE",4,4,4,4,4,4
"556","EXFORGE",3,,,,,
"557","EXJADE",5,5,5,5,5,
"558","EXONDYS",,,,,5,5
"559","EXTENDED",2,2,2,,,
"560","EZETIMIBE",,,,,,4
"561","FABRAZYME",5,5,5,5,5,5
"562","FACTIVE",4,4,4,,,
"563","FALMINA-28",,,4,4,4,4
"564","FAMCICLOVIR",3,3,3,3,3,3
"565","FAMOTIDINE",2,2,2,2,2,3
"566","FANAPT",4,4,4,4,4,4.5
"567","FARESTON",5,5,5,5,5,5
"568","FARXIGA",,,,,4,
"569","FARYDAK",,,5,5,5,5
"570","FASLODEX",5,5,5,5,5,5
"571","FAZACLO",4,4,4,4,,
"572","FELBAMATE",4,4,4,4,4,4
"573","FELBATOL",5,5,,,,
"574","FELODIPINE",3,3,3,3,3,3
"575","FEMCON",4,4,4,4,,
"576","FEMYNOR",,,,,4,4
"577","FENOFIBRATE",3,3,3,3,3,3
"578","FENOFIBRIC",,4,4,4,4,
"579","FENOPROFEN",3,,,4,,
"580","FENTANYL",5,5,4,4,4,4
"581","FETZIMA",,4,4,4,4,4
"582","FINASTERIDE",3,2,2,2,2,2
"583","FIRAZYR",5,,5,5,5,5
"584","FIRMAGON",4,4,4.5,4.5,4.5,4.5
"585","FLAVOXATE",3,4,4,3,3,3
"586","FLECAINIDE",3,3,3,3,3,3
"587","FLOVENT",3,,,3,3,3
"588","FLUCONAZOLE",2,2,3,3,3,3
"589","FLUCONAZOLE-DEXT",,,,,4,
"590","FLUCONAZOLE-NACL",,,,,4,4
"591","FLUCYTOSINE",3,5,5,5,5,5
"592","FLUDARABINE",2,4,4,4,4,
"593","FLUDROCORTISONE",2,2,2,2,2,2
"594","FLUNISOLIDE",3,4,4,4,3,3
"595","FLUOCINOLONE",2,3,4,4,4,4
"596","FLUOCINONIDE",2,2,3,3.5,3.5,
"597","FLUOCINONIDE-E",,,,,4,
"598","FLUOROMETHOLONE",,,2,3,3,3
"599","FLUOROPLEX",4,,,,,
"600","FLUOROURACIL",4,4,4,4,4,4
"601","FLUOXETINE",1.5,1.5,1.5,2,2,1.5
"602","FLUOXYMESTERONE",4,4,,,,
"603","FLUPHENAZINE",2,3,3,3,3,4
"604","FLURBIPROFEN",2,2,2,2,2,2
"605","FLUTAMIDE",4,4,4,4,4,4
"606","FLUTICASONE",2,2,2,2,2,2
"607","FLUVOXAMINE",3,3,3,2,2,2
"608","FML",4,4,4,,,
"609","FOCALIN",4,4,,,,
"610","FOLOTYN",5,5,5,,,
"611","FOMEPIZOLE",2,2,2,2,2,
"612","FONDAPARINUX",4,5,5,5,5,
"613","FORADIL",3,3,3,3,,
"614","FORTEO",4,4,4,4,4,4
"615","FORTICAL",4,4,4,4,,
"616","FOSCARNET",,,4,,,
"617","FOSINOPRIL",2,2,1,2,2,2
"618","FOSINOPRIL-HCTZ",,3,3,2,2,2
"619","FOSPHENYTOIN",2,2,2,2,2,
"620","FRAGMIN",4,5,5,5,5,
"621","FREAMINE",4,,,,,
"622","FUROSEMIDE",1.5,1.5,1.5,1.5,1.5,1.5
"623","FUSILEV",4,4,4,,,
"624","FUZEON",3,5,5,5,5,5
"625","FYCOMPA",,4,4,4,4,4
"626","GABAPENTIN",2,2,2,2,2,2
"627","GABITRIL",4,,,,,
"628","GALANTAMINE",4,4,4,4,4,4
"629","GAMASTAN",4,,,,,
"630","GAMMAGARD",5,5,5,5,,
"631","GAMMAPLEX",5,,,,,
"632","GAMUNEX-C",5,4,4,,,5
"633","GANCICLOVIR",3,3,3,4,3,4
"634","GARAMYCIN",,,3,,,
"635","GARDASIL",4,4,4,4,4,4
"636","GATIFLOXACIN",,4,4,4,4,4
"637","GATTEX",5,5,5,5,5,5
"638","GAVILYTE",2,2,,,,
"639","GAVILYTE-C",,,2,2,2,2
"640","GAVILYTE-G",,,2,2,2,2
"641","GAVILYTE-N",,,2,2,2,2
"642","GEMCITABINE",5,5,5,5,4,
"643","GEMFIBROZIL",2,2,2,2,2,2
"644","GEMZAR",5,5,,,,
"645","GENERLAC",2,2,2,2,2,2
"646","GENGRAF",4,4,4,4,4,4
"647","GENTAK",3,2,2,2,2,2
"648","GENTAMICIN",3,3,3,3,1,1
"649","GENVOYA",,,,5,5,5
"650","GEODON",4,4,4,4,4,4
"651","GIANVI",4,4,4,4,4,4
"652","GILDESS",,,4,4,,
"653","GILENYA",,5,5,5,5,5
"654","GILOTRIF",,5,5,5,5,5
"655","GLASSIA",5,,5,5,5,5
"656","GLEEVEC",5,5,5,5,5,
"657","GLEOSTINE",,,4,4,4,4
"658","GLIMEPIRIDE",1,1,1,1,1,1
"659","GLIPIZIDE",1,2,2,2,2,1.5
"660","GLIPIZIDE-METFORMIN",1,3,3,3,3,2
"661","GLUCAGEN",3,4,4,4,3,3
"662","GLUCAGON",4,3,3,3,4,
"663","GLYBURID-METFORMIN",,,,,,2
"664","GLYBURIDE",1,1,1,1,1,1
"665","GLYBURIDE-METFORMIN",1,2,2,2,2,2
"666","GLYCOPYRROLATE",2,3,3,3,3,3
"667","GLYSET",4,4,4,4,4,
"668","GLYXAMBI",,,,3,3,3
"669","GOLYTELY",3,3,3,,,
"670","GRALISE",4,,,,,
"671","GRANISETRON",4,4,4,4,4,4
"672","GRANISOL",3,,,,,
"673","GRANIX",,5,5,5,5,
"674","GRIS-PEG",4,4,4,,,
"675","GRISEOFULVIN",4,4,4,4,4,4
"676","GUANFACINE",1,1,2,1.5,1.5,1.5
"677","GUANIDINE",3,3,3,3,3,3
"678","H.P.",5,,,,5,5
"679","HALAVEN",5,5,5,,,
"680","HALDOL",4,4,4,,,
"681","HALFLYTELY",3,,,,,
"682","HALOBETASOL",3,3,4,4,4,
"683","HALOG",4,4,4,4,,
"684","HALOPERIDOL",2,2,2,2,2,2
"685","HARVONI",,,5,5,5,5
"686","HAVRIX",4,4,4,4,4,4
"687","HECTOROL",3,3,,,,
"688","HEPARIN",2.5,2.5,3,3,3,3
"689","HEPATAMINE",4,4,4,4,4,4
"690","HEPATASOL",4,4,,,,
"691","HEPATITIS",4,4,4,4,4,4
"692","HEPSERA",5,5,,,,
"693","HERCEPTIN",5,5,5,5,5,5
"694","HETLIOZ",,,,5,5,5
"695","HEXALEN",5,5,5,5,5,5
"696","HIBERIX",,,,4,4,4
"697","HORIZANT",4,,,,,
"698","HUMALOG",3,3,3,3,,
"699","HUMIRA",5,5,5,5,5,5
"700","HUMULIN",3,3,3,3,5,5
"701","HYCAMTIN",5,5,5,5,5,
"702","HYCET",,,,4,,
"703","HYDRALAZINE",3,2,2,2,2,1.5
"704","HYDROCHLOROTHIAZIDE",1,1,1,1,1,1
"705","HYDROCODON-ACETAMINOPH",,,,,,3
"706","HYDROCODON-ACETAMINOPHEN",,,,,,3
"707","HYDROCODON-ACETAMINOPHN",,,,,,3
"708","HYDROCODONE",3,4,3,3,3,3
"709","HYDROCODONE-ACETAMINOPHEN",3,3,3,3,3,
"710","HYDROCODONE-IBUPROFEN",,,,4,4,4
"711","HYDROCODONE/APAP",3,3,,,,
"712","HYDROCORTISONE",2,2,2,2,2,2
"713","HYDROMORPHONE",3,3,3,3,3.5,3
"714","HYDROXYCHLOROQUINE",2,2,2,3,4,3
"715","HYDROXYUREA",2,2,2,2,2,2
"716","HYDROXYZINE",2,4,,3,3,3
"717","HYPERRAB",,,,5,5,
"718","IBANDRONATE",4,,,,,
"719","IBRANCE",,,5,5,5,5
"720","IBUPROFEN",1,1,1,1,1,1
"721","ICLUSIG",5,,,5,5,5
"722","IDAMYCIN",5,5,5,5,5,
"723","IDARUBICIN",5,5,5,5,5,
"724","IFEX",4,4,,,,
"725","IFOSFAMIDE",3,3,3,3,3,
"726","ILEVRO",4,4,3,3,3,3
"727","ILOTYCIN",,,3,,,
"728","IMATINIB",,,,,,5
"729","IMBRUVICA",,5,5,5,5,5
"730","IMFINZI",,,,,5,
"731","IMIPENEM-CILASTATIN",4,4,3,3.5,3.5,
"732","IMIPRAMINE",4,4,4,4,4,4
"733","IMIQUIMOD",4,4,4,4,4,3
"734","IMOGAM",,,,,4,
"735","IMOVAX",4,4,4,4,4,4
"736","IMURAN",,,4,4,4,4
"737","INCIVEK",5,5,,,,
"738","INCRELEX",5,5,5,5,5,5
"739","INCRUSE",,,,,,3
"740","INDAPAMIDE",1,1,1,1,1,1
"741","INDOCIN",4,,,,,
"742","INDOMETHACIN",2,,,4,4,4
"743","INFERGEN",5,,,,,
"744","INGREZZA",,,,,5,
"745","INLYTA",5,5,5,5,5,5
"746","INTELENCE",5,5,5,5,5,5
"747","INTRALIPID",4,4,4,4,4,4
"748","INTRON",4.5,5,5,5,5,5
"749","INTROVALE",4,4,4,4,4,4
"750","INVANZ",,,4,4,4,4
"751","INVEGA",4,4,4,5,5,5
"752","INVIRASE",5,5,5,5,5,5
"753","INVOKAMET",,,3,3,3,3
"754","INVOKANA",,4,3,3,3,3
"755","IONOSOL",4,4,4,4,4,
"756","IPOL",4,4,4,4,4,4
"757","IPRAT-ALBUT",,,,,,2
"758","IPRATROPIUM",2,2,2,2,2,2
"759","IRBESARTAN",3,2,2,2,2,2
"760","IRBESARTAN-HCTZ",3,2,2,2,2,2
"761","IRENKA",,,4,4,,
"762","IRESSA",,,,5,5,5
"763","IRINOTECAN",3,4,4,4,4,
"764","ISENTRESS",4,4,4,4.5,4.5,4.5
"765","ISOLYTE",4,4,4,4,4,
"766","ISONIAZID",2,2,2,2,2,2
"767","ISOPTO",,,4,4,4,
"768","ISORDIL",4,4,4,,,
"769","ISOSORBIDE",2,2,2,2,2,2
"770","ISOTON",3,3,3,3,3,
"771","ISOTONIC",,,,,3,
"772","ISRADIPINE",3,4,4,4,4,4
"773","ISTODAX",5,5,5,5,5,
"774","ITRACONAZOLE",4,4,4,4,4,4
"775","IVERMECTIN",,,3,3,3,3
"776","IXEMPRA",5,5,5,5,,
"777","IXIARO",4,4,4,4,4,4
"778","JADENU",,,,,,5
"779","JAKAFI",5,5,5,5,5,5
"780","JALYN",3,3,3,4,,
"781","JANTOVEN",2,2,2,2,2,2
"782","JANUMET",3,3,3,3,3,3
"783","JANUVIA",3,3,3,3,3,3
"784","JARDIANCE",,,3,3,3,3
"785","JENTADUETO",4,4,3,3,3,3
"786","JEVTANA",5,5,5,,,
"787","JULEBER",,,,4,4,4
"788","JUNEL",4,4,4,4,4,4
"789","JUVISYNC",3,,,,,
"790","KADCYLA",5,5,5,5,5,5
"791","KALETRA",5,5,5,5,5,4.5
"792","KALYDECO",5,5,5,5,5,5
"793","KANAMYCIN",2,,,,,
"794","KAPVAY",4,4,,,,
"795","KARIVA",4,4,4,4,4,4
"796","KCL",,,2,2,2,
"797","KELNOR",4,4,4,4,4,4
"798","KENALOG",4,4,4,4,,
"799","KENALOG-40",,,4,,,
"800","KEPIVANCE",4,5,5,5,5,5
"801","KETEK",4,4,4,4,,
"802","KETOCONAZOLE",2,2,2,2,2,2
"803","KETOPROFEN",2,2,2,2,3,3
"804","KETOROLAC",2,2,2,2,2,2
"805","KEYTRUDA",,,5,5,,
"806","KIMIDESS",,,,4,4,4
"807","KINRIX",,,,,4,4
"808","KIONEX",3,3,3,4,3,3
"809","KISQALI",,,,,5,5
"810","KLOR-CON",2,2,2,2,2,2
"811","KOMBIGLYZE",3,3,4,4,4,4
"812","KORLYM",5,5,5,5,5,5
"813","KUVAN",5,5,5,5,5,5
"814","KYNAMRO",,,,5,5,
"815","KYPROLIS",,,,,5,
"816","L1",3,,,,,
"817","LABETALOL",2,2,2,2,2,2
"818","LACLOTION",4,,,,,
"819","LACRISERT",4,4,4,4,,
"820","LACTATED",2,2,2,2,2,2
"821","LACTULOSE",1,1,1,2,2,1
"822","LAMICTAL",4,4,4,4,,
"823","LAMIVUDINE",4,4,4,4,4,4
"824","LAMIVUDINE-ZIDOVUDINE",4,4,4,4,4,4
"825","LAMOTRIGINE",3,3,4,4,4,4
"826","LANOXIN",4,4,4,4,4,
"827","LANREOTIDE",5,5,5,,,
"828","LANSOPRAZOLE",3,3,3,,,
"829","LANTUS",3,3,3,3,3,3
"830","LARIN",,4,4,4,4,4
"831","LARISSIA-28",,,,,4,4
"832","LARTRUVO",,,,,5,5
"833","LATANOPROST",2,2,2,2,2,2
"834","LATUDA",4,4,4,4,4,4
"835","LAZANDA",,5,5,5,5,
"836","LEFLUNOMIDE",2,2,2,2,3,3
"837","LENVIMA",,,5,5,5,5
"838","LESSINA",4,4,4,4,4,4
"839","LETAIRIS",5,5,5,5,5,5
"840","LETROZOLE",2,2,2,2,2,2
"841","LEUCOVORIN",2,3,3,3,3,3
"842","LEUKERAN",4,4,4,4,4,5
"843","LEUKINE",5,5,5,5,5,
"844","LEUPROLIDE",3,3,3,3,4,4
"845","LEVALBUTEROL",2,2,,,,
"846","LEVAQUIN",4,,,,,
"847","LEVEMIR",3,3,3,3,3,3
"848","LEVETIRACETAM",2,2,2,2,2,2
"849","LEVOBUNOLOL",1,1,1,2,2,1
"850","LEVOCARNITINE",3,3,3,3,3,3.5
"851","LEVOCETIRIZINE",2,2,2,2,2,2
"852","LEVOFLOXACIN",2,3,3,3,3,3
"853","LEVOFLOXACIN-D5W",,,,4,4,
"854","LEVOLEUCOVORIN",,,5,5,5,5
"855","LEVONEST-28",4,4,4,4,4,4
"856","LEVONOR-ETH",4,4,4,4,4,4
"857","LEVORA-28",4,4,4,4,4,4
"858","LEVORPHANOL",3,3,4,4,4,
"859","LEVOTHROID",2,,,,,
"860","LEVOTHYROXINE",1,1,1,1,1,1
"861","LEVOXYL",3,3,3,3,3,3
"862","LEXIVA",4,4,4,4,4,4.5
"863","LIALDA",4,3,3,3,3,3
"864","LIDOCAINE",2,2,3,3,2,3
"865","LIDOCAINE-PRILOCAINE",2,3,3,4,4,4
"866","LIDODERM",4,4,,,,
"867","LINCOMYCIN",,,,,4,4
"868","LINDANE",4,4,4,4,4,4
"869","LINEZOLID",,,5,5,5,4
"870","LINZESS",4,3,3,3,3,3
"871","LIORESAL",4,,,,,
"872","LIOTHYRONINE",2,2,3,3,3,3
"873","LIPOSYN",4,4,4,,,
"874","LISINOPRIL",1,1,1,1,1,1
"875","LISINOPRIL-HCTZ",1,1,1,1,1,1
"876","LITHIUM",2,2,2,2,2,2
"877","LITHOSTAT",,,4,4,4,4
"878","LOKARA",2,3,4,4,,
"879","LOMEDIA",,,,,4,4
"880","LOMUSTINE",,4,4,,,
"881","LONSURF",,,,5,5,5
"882","LOPERAMIDE",2,2,2,2,2,2
"883","LOPINAVIR-RITONAVIR",,,,,5,5
"884","LORAZEPAM",2,2,2,2,2,2
"885","LORYNA",4,4,4,4,4,4
"886","LOSARTAN",2,2,1,2,2,2
"887","LOSARTAN-HCTZ",2,2,2,2,2,2
"888","LOSEASONIQUE",4,4,,,,
"889","LOTEMAX",,,4,,,
"890","LOTRONEX",5,5,5,5,,
"891","LOVASTATIN",1,1,1,1,1,1
"892","LOVAZA",3,3,,,,
"893","LOW-OGESTREL-28",4,4,4,,4,4
"894","LOXAPINE",3,3,3,2,2,2
"895","LUMIGAN",3,3,3,3,3,3
"896","LUMIZYME",5,5,5,5,5,5
"897","LUPRON",4.5,5,4.5,,,4.5
"898","LUTERA",4,4,4,4,,
"899","LUTERA-28",,,,,4,4
"900","LUVOX",3,3,,,,
"901","LYNPARZA",,,5,5,5,5
"902","LYRICA",4,4,4,4,4,4
"903","LYSODREN",3,3,3,5,3,3
"904","LYZA",,4,4,4,4,4
"905","M-M-R",4,4,4,4,4,4
"906","MAGNESIUM",2,2,2,2,2,
"907","MALARONE",4,,,,,
"908","MALATHION",2,3,4,4,4,4
"909","MAPROTILINE",2,2,4,4,4,4
"910","MARLISSA-28",4,4,4,4,4,4
"911","MARPLAN",4,4,4,4,4,4
"912","MATULANE",5,5,5,5,5,5
"913","MAXALT",4,,,,,
"914","MAXITROL",3,,,,,
"915","MEASLES",,,,,,4
"916","MECLIZINE",2,2,3,3,3,3
"917","MECLOFENAMATE",2,3,4,4,4,4
"918","MEDROXYPROGESTERONE",1,1,1,1,1,1
"919","MEFLOQUINE",2,2,3,3,3,2
"920","MEGESTROL",3,3,3,3,4,4
"921","MEKINIST",,5,5,5,5,5
"922","MELOXICAM",1,1,1,1,1,1
"923","MELPHALAN",2,2,2,2,1,
"924","MEMANTINE",,,,3,2,2
"925","MENACTRA",4,4,4,4,4,4
"926","MENEST",4,4,4,4,4,4
"927","MENHIBRIX",,,,4,4,
"928","MENOMUNE-A/C/Y/W-135",4,4,4,4,,4
"929","MENTAX",4,4,4,4,4,4
"930","MENVEO",4,4,4,4,4,4
"931","MEPERIDINE",,,,3,3,3
"932","MEPRON",5,5,5,,,
"933","MERCAPTOPURINE",3,3,3,3,3,3
"934","MEROPENEM",4,4,4,4,4,4
"935","MERREM",4,4,,,,
"936","MESALAMINE",3,4,4,4,4,
"937","MESNA",4,4,4,4,4,
"938","MESNEX",4,4,4,4,4,5
"939","METADATE",4,4,,,,
"940","METAPROTERENOL",2,2,4,4,4,4
"941","METAXALONE",,,,4,4,
"942","METFORMIN",1,1,1,1,1,1
"943","METHADONE",3,4,4,4,4,4
"944","METHADOSE",3,,,,,
"945","METHAMPHETAMINE",5,4,4,,,
"946","METHAZOLAMIDE",3,4,4,4,4,4
"947","METHENAMINE",3,4,4,4,4,4
"948","METHERGINE",4,,,,,
"949","METHIMAZOLE",2,2,2,2,2,2
"950","METHITEST",4,4,4,4,4,4
"951","METHOCARBAMOL",2,2,2,4,4,4
"952","METHOTREXATE",2,2,2,2,2,2
"953","METHOXSALEN",,,5,5,5,5
"954","METHSCOPOLAMINE",3,3,,,,
"955","METHYCLOTHIAZIDE",2,2,2,2,3,3
"956","METHYLDOPA",,,,3,3,3
"957","METHYLDOPA/HCTZ",,,,3,3,3
"958","METHYLERGONOVINE",3,3,4,4,,
"959","METHYLIN",4,4,4,4,,
"960","METHYLPHENIDATE",4,4,4,4,4,4
"961","METHYLPREDNISOLONE",2,2,3,2,2,2
"962","METHYLTESTOSTERONE",,,,5,5,5
"963","METIPRANOLOL",2,2,2,2,2,2
"964","METOCLOPRAMIDE",2,2,2,1.5,1.5,1.5
"965","METOLAZONE",2,2,2,,,
"966","METOPROLOL",2,2,2.5,2.5,2.5,2
"967","METOPROLOL-HYDROCHLOROTHIAZIDE",3,3,3,3,3,3
"968","METRONIDAZOLE",2,2,4,4,4,4
"969","MEXILETINE",2,4,4,4,4,4
"970","MIACALCIN",,,,4,4,4
"971","MICONAZOLE",2,2,2,3,3,3
"972","MICROENCAPSULATED",,,,,,2
"973","MICROGESTIN",4,4,4,4,4,4
"974","MIDODRINE",3,4,4,4,4,4
"975","MIDOSTAURIN",,,,,,5
"976","MIGERGOT",4,4,4,,,
"977","MIGLITOL",,,,4,4,4
"978","MIMVEY",,,4,4,4,4
"979","MINOCYCLINE",2,2,2,2.5,2.5,2.5
"980","MINOXIDIL",2,2,2,2,2,2
"981","MIRTAZAPINE",2,2,2,2,2,2
"982","MISOPROSTOL",2,3,3,3,3,3
"983","MITOMYCIN",4,4,4,4,4,4
"984","MITOXANTRONE",3,3,3,3,3,
"985","MODAFINIL",4,4,4,4,3,3
"986","MOEXIPRIL",2,2,2,2,2,2
"987","MOEXIPRIL-HYDROCHLOROTHIAZIDE",2,2,2,2,2,2
"988","MOLINDONE",,,,4,,
"989","MOMETASONE",2,2,3,2,2,2
"990","MONTELUKAST",2,2,2,2,2,2
"991","MORPHINE",3,3,3,3,3,3
"992","MOVIPREP",4,4,4,,,
"993","MOXEZA",4,4,4,,,
"994","MOZOBIL",5,5,5,,5,5
"995","MULTAQ",4,4,4,4,4,3
"996","MUPIROCIN",3.5,3,3,3,3,3
"997","MUSTARGEN",4,4,4,4,4,
"998","MYALEPT",,5,5,5,5,5
"999","MYCOBUTIN",4,4,4,,,
"1000","MYCOPHENOLATE",2,3,3,3,3.5,3.5
"1001","MYCOPHENOLIC",,3,3,4,4,4
"1002","MYFORTIC",3,3,4,4,4,4
"1003","MYORISAN",,,,,4,4
"1004","MYOZYME",5,5,5,,,
"1005","MYRBETRIQ",,,,,3,3
"1006","NABUMETONE",3,2,2,2,2,2
"1007","NADOLOL",1,1,3,3,3,3
"1008","NADOLOL-BENDROFLU",3,3,3,3,4,4
"1009","NAFCILLIN",5,5,4,4,4.5,5
"1010","NAGLAZYME",5,5,5,5,5,5
"1011","NALBUPHINE",4,4,4,4,4,
"1012","NALFON",4,4,,,,
"1013","NALOXONE",2,2,2,2,2,2.5
"1014","NALTREXONE",2,2,2,2,2,2
"1015","NAMENDA",3,3,3,3,3,3
"1016","NAMZARIC",,,,3,3,3
"1017","NAPROXEN",2,2,2,2,2,2
"1018","NARATRIPTAN",4,4,4,3,3,3
"1019","NARCAN",,,,4,4,4
"1020","NARDIL",4,,,,,
"1021","NASONEX",3,3,,,,
"1022","NATACYN",4,,,,,4
"1023","NATEGLINIDE",3,3,3,3,3,3
"1024","NATPARA",,,,5,5,5
"1025","NEBUPENT",,4,4,4,4,4
"1026","NECON",4,4,4,4,4,4
"1027","NEFAZODONE",2,3,4,4,4,4
"1028","NEISSERIA",,,,,,4
"1029","NEO/POLYMYXIN/HC",2,2,3,2,3,3
"1030","NEOMYCIN",2,3,3,3,3,2.5
"1031","NEOMYCIN-BACITRACIN-POLY-HC",2,2,2,3,3,3
"1032","NEOMYCIN-POLYMYXIN-HC",2,2,3,4,4,4
"1033","NEOMYCIN/POLYMY/DEXA",1,1,3,3,2,2
"1034","NEOMYCIN/POLYMY/GRAM",2,2,2,2,3,3
"1035","NEOMYCIN/POLYMY/HYDRO",2,2,3,2,2,2
"1036","NEOSPORIN",2,2,2,2,2,2
"1037","NEPHRAMINE",4,4,4,4,4,4
"1038","NEULASTA",5,5,5,5,5,5
"1039","NEUPOGEN",5,5,5,5,5,5
"1040","NEUPRO",4,4,4,4,4,4
"1041","NEURONTIN",4,4,,,,
"1042","NEVANAC",4,4,4,,,
"1043","NEVIRAPINE",3,3.5,4,4,4,4
"1044","NEXAVAR",5,5,5,5,5,5
"1045","NEXIUM",,,3,,,
"1046","NEXT",4,,,,,
"1047","NEXTERONE",4,,,,,
"1048","NIACOR",2,2,3,2,2,2
"1049","NIASPAN",3,,,,,
"1050","NICARDIPINE",2,2,2,3,4,4
"1051","NICOTROL",4,4,4,4,4,4
"1052","NIFEDIAC",3,3,,,,
"1053","NIFEDICAL",3,3,3,3,,
"1054","NIFEDIPINE",3,3,3,3,3,3
"1055","NIKKI",,,4,4,4,4
"1056","NILANDRON",4,4,4,4,4,
"1057","NILUTAMIDE",,,,,4,5
"1058","NIMODIPINE",4,4,4,4,4,4
"1059","NINLARO",,,,5,5,5
"1060","NIPENT",5,5,5,5,5,
"1061","NISOLDIPINE",4,,,,,
"1062","NITRO-DUR",4,4,,,,
"1063","NITROFURANTOIN",3,4,4,4,4,4
"1064","NITROGLYCERIN",2,2,2,2,2,3
"1065","NITROLINGUAL",4,4,4,4,,
"1066","NITROSTAT",3,3,3,3,3,3
"1067","NIZATIDINE",2,2,,,,3
"1068","NORET-ESTR-FE",,,,,4,4
"1069","NORETHIN-ESTRAD-FERR",,,,,4,4
"1070","NORETHIND-ETH",,,,,4,4
"1071","NORETHINDRONE",3,4,4,4,3.5,3.5
"1072","NORG-EE",,,,4,4,4
"1073","NORG-ETHIN",,,,,4,4
"1074","NORLYROC",,,4,4,4,4
"1075","NORMOSOL",4,4,4,4,4,
"1076","NORMOSOL-M",4,4,4,4,4,
"1077","NORMOSOL-R",4,4,4,4,4,
"1078","NORTHERA",,,,5,5,5
"1079","NORTREL",4,4,4,4,4,4
"1080","NORTRIPTYLINE",1.5,2,2,2,2,2
"1081","NORVIR",4,4,4,4,4,4
"1082","NOVOLIN",3,3,3,3,3,3
"1083","NOVOLOG",3,3,3,3,3,3
"1084","NOXAFIL",5,5,5,5,5,5
"1085","NUEDEXTA",4,3,3,3,3,3
"1086","NULOJIX",5,5,5,5,5,5
"1087","NULYTELY",3,3,3,,,
"1088","NUPLAZID",,,,5,5,5
"1089","NUTRILIPID",,,4,4,4,4
"1090","NUVIGIL",,4,4,3,,
"1091","NYAMYC",2,2,3,3,3,3
"1092","NYATA",,,,,3,3
"1093","NYSTATIN",2,2,3,2,2,2
"1094","NYSTATIN/TRIAMCINOLONE",1,3,4,4,4,4
"1095","NYSTOP",2,2,3,3,3,3
"1096","OCTREOTIDE",5,4,4,4,4,4
"1097","OCUTRICIN",2,2,2,2,3,3
"1098","ODEFSEY",,,,5,5,5
"1099","ODOMZO",,,,5,5,5
"1100","OFEV",,,5,5,5,5
"1101","OFLOXACIN",2,3,3,2,3,3
"1102","OGESTREL",4,4,4,4,4,4
"1103","OLANZAPINE",3,3,3,3,3,3
"1104","OLMSRTN-AMLDPN-HCTZ",,,,,4,4
"1105","OLOPATADINE",,,,,,3.5
"1106","OMEGA-3",,,3,,,
"1107","OMEPRAZOLE",2,2,2,2,2,2
"1108","OMNITROPE",4,5,5,5,5,5
"1109","ONCASPAR",,5,5,5,,
"1110","ONDANSETRON",3,2,3,3,2.5,2.5
"1111","ONFI",4,4,4,4,4,4
"1112","ONGLYZA",3,3,4,4,4,4
"1113","ONTAK",5,,,,,
"1114","OPDIVO",,,5,5,,
"1115","OPRELVEKIN",5,5,5,,,
"1116","OPSUMIT",,,5,5,5,5
"1117","ORAP",4,4,4,4,,
"1118","ORAPRED",4,,,,,
"1119","ORBACTIV",,,,,,5
"1120","ORFADIN",5,5,5,5,5,5
"1121","ORKAMBI",,,,5,5,5
"1122","ORPHENADRINE",3,3,3,3,4,4
"1123","ORSYTHIA",4,4,4,4,4,4
"1124","ORTHO",,,,,4,
"1125","OSELTAMIVIR",,,,,4,3
"1126","OSMOPREP",4,4,4,,,
"1127","OXACILLIN",4,,,,,
"1128","OXALIPLATIN",2,5,5,5,4,4
"1129","OXANDROLONE",4,4,4,4,4,4
"1130","OXAPROZIN",2,3,4,4,4,
"1131","OXAZEPAM",4,4,4,4,4,4
"1132","OXCARBAZEPINE",3,3,3,3,3,3
"1133","OXSORALEN",4,4,4,,,
"1134","OXSORALEN-ULTRA",5,5,5,,,
"1135","OXYBUTYNIN",3,3,3,3,3,3
"1136","OXYCODON-ACETAMINOPHEN",,,,,,3
"1137","OXYCODONE",3,3,3,3,3,3
"1138","OXYCODONE-ACETAMINOPHEN",3,3,3,3,3,3
"1139","OXYCODONE-ASPIRIN",,,,,4,4
"1140","OXYCODONE-IBUPROFEN",,,4,4,4,
"1141","PACERONE",4,4,4,4,4,4
"1142","PACLITAXEL",3,3,3,3,3,3
"1143","PALIPERIDONE",,,,4,4,4
"1144","PAMIDRONATE",3,3,3,3,3,3
"1145","PANCREAZE",4,4,,,,
"1146","PANRETIN",5,5,5,5,5,5
"1147","PANTOPRAZOLE",2,2,2,2,2,2
"1148","PARENTERAL",,,,,,4
"1149","PARICALCITOL",,3,3,3,4,4
"1150","PAROMOMYCIN",4,4,4,4,4,4
"1151","PAROXETINE",2,1.5,1.5,1.5,2,2
"1152","PASER",2,2,2,2,2,4
"1153","PATADAY",3,3,3,3,4,
"1154","PAXIL",4,4,4,4,4,4
"1155","PAZEO",,,3,3,3,3
"1156","PCE",4,4,4,4,,
"1157","PEDI-DRI",2,2,,,,
"1158","PEDIARIX",,,,,4,
"1159","PEDVAXHIB",4,4,4,4,4,4
"1160","PEG",,,,2,2,2
"1161","PEG-3350",,,2,2,2,2
"1162","PEGANONE",4,4,4,4,4,4
"1163","PEGASYS",5,,,,,5
"1164","PEGINTRON",5,5,5,5,5,
"1165","PENICILLIN",2,1.5,1.5,1.5,1.5,1.5
"1166","PENTAM",,4,4,4,4,4
"1167","PENTAZOCINE",,,,3,3,
"1168","PENTAZOCINE-NALOXONE",,,,,,3
"1169","PENTOSTATIN",2,,,,,
"1170","PENTOXIFYLLINE",2,2,2,2,2,2
"1171","PERFOROMIST",4,4,4,4,4,4
"1172","PERINDOPRIL",3,3,3,2,2,2
"1173","PERIOGARD",2,2,2,,,
"1174","PERJETA",5,5,5,,,
"1175","PERMETHRIN",2,3,3,3,3,3
"1176","PERPHEN-AMITRIP",,,,,,4
"1177","PERPHENAZINE",2,4,4,4,4,4
"1178","PFIZERPEN",2,3,3,,,
"1179","PHENADOZ",3,2,,,,
"1180","PHENELZINE",3,3,3,3,3,3
"1181","PHENOBARBITAL",3,3,3,3,3,3
"1182","PHENYTEK",3,3,3,4,4,4
"1183","PHENYTOIN",2,2,3,2,2,2
"1184","PHOSLYRA",4,4,4,4,4,
"1185","PHOSPHOLINE",4,4,4,4,4,4
"1186","PHYSIOLYTE",2,2,2,2,2,
"1187","PHYSIOSOL",2,2,2,2,2,
"1188","PILOCARPINE",3,4,4,4,3,3
"1189","PILOPINE",4,,,,,
"1190","PIMOZIDE",,,,4,4,4
"1191","PIMTREA",,4,4,4,4,4
"1192","PINDOLOL",2,3,3,3,3,3
"1193","PIOGLITAZ-GLIMEPIR",4,4,4,4,4,4
"1194","PIOGLITAZONE",2,2,2,2,2,2
"1195","PIOGLITAZONE-METFORMIN",4,3,4,4,4,4
"1196","PIPERACIL-TAZOBACT",,,,,,4
"1197","PIPERACILLIN",2,4,4,4,4,4
"1198","PIPERACILLIN-TAZOBACTAM",,,,,4,
"1199","PIRMELLA",,4,4,4,4,4
"1200","PIROXICAM",2,3,3,3,3,3
"1201","PLASMA-LYTE",4,4,4,4,4,
"1202","PLEGRIDY",,,,5,,
"1203","PODOFILOX",3,3,4,4,4,4
"1204","POLYETH",2,2,3,3,3,
"1205","POLYETHYLENE",2,,,,,3
"1206","POLYMYXIN",1.5,1,2,2,2,2.5
"1207","POLYTRIM",2,,,,,
"1208","POMALYST",5,5,5,5,5,5
"1209","PORTIA",4,4,4,4,4,4
"1210","POTASSIUM",2,2,2,2,2,2
"1211","POTIGA",4,4,4,4,,
"1212","PRADAXA",3,3,3,4,4,4
"1213","PRALUENT",,,,5,5,5
"1214","PRAMIPEXOLE",2,2,2,2,2,2
"1215","PRANDIN",4,4,4,,,
"1216","PRAVASTATIN",1,1,2,2,2,2
"1217","PRAZOSIN",1,1,2,2,2,2
"1218","PRED",4,4,4,4,4,4
"1219","PRED-G",4,4,4,4,4,4
"1220","PREDNICARBATE",2,2,3,3,4,
"1221","PREDNISOLONE",2,2,3,3,3,3
"1222","PREDNISONE",1.5,1.5,2,2,2,2
"1223","PREMARIN",3,3,3,4,4,3
"1224","PREMASOL",2,2,2,2,2,2
"1225","PREMPHASE",,,,4,4,
"1226","PREMPRO",,,,4,4,
"1227","PREVALITE",3,4,4,3,3,3
"1228","PREVIFEM",4,4,4,4,4,4
"1229","PREZCOBIX",,,5,5,5,5
"1230","PREZISTA",5,5,5,5,5,5
"1231","PRIFTIN",4,4,4,4,4,4
"1232","PRIMAQUINE",,4,4,4,4,4
"1233","PRIMAXIN",4,,,,,
"1234","PRIMIDONE",3,2,2,2,2,2
"1235","PRIMSOL",2,2,2,,4,4
"1236","PRISTIQ",4,4,4,4,4,4
"1237","PRIVIGEN",5,,,5,5,
"1238","PROAIR",3,3,3,,,
"1239","PROBENECID",2,3,3,3,3,3
"1240","PROBENECID/COLCHICINE",2,3,3,3,3,3
"1241","PROCAINAMIDE",2,2,2,2,2,
"1242","PROCALAMINE",4,4,4,4,4,4
"1243","PROCHLORPERAZINE",2,2,2.5,3,3,3
"1244","PROCRIT",3.5,3.5,4,4,4,4
"1245","PROCTO-MED",,,,2,4,4
"1246","PROCTO-PAK",2,2,2,2,2,2
"1247","PROCTOCREAM",2,2,,,,
"1248","PROCTOSOL-HC",,,2,2,4,4
"1249","PROCTOZONE-HC",2,2,2,3,4,4
"1250","PROGESTERONE",3,4,4,4,3,3
"1251","PROGLYCEM",4,4,4,4,4,4
"1252","PROGRAF",4,4,4,4,4,
"1253","PROLASTIN-C",5,,,,,
"1254","PROLEUKIN",5,5,5,5,5,5
"1255","PROLIA",4,4,4,4,4,4
"1256","PROMACTA",5,5,5,5,5,5
"1257","PROMETHAZINE",,2,3,2,2,2
"1258","PROMETHEGAN",3,2,4,4,4,4
"1259","PROPAFENONE",3,3.5,3.5,3.5,3.5,3.5
"1260","PROPANTHELINE",2,2,2,2,3,3
"1261","PROPARACAINE",2,2,2,2,2,2
"1262","PROPRANOLOL",2,2,2,2,2,3
"1263","PROPRANOLOL/HCTZ",2,2,3,3,3,3
"1264","PROPYLTHIOURACIL",2,3,3,3,3,3
"1265","PROQUAD",4,4,4,4,4,
"1266","PROTONIX",4,,,4,4,
"1267","PROTRIPTYLINE",2,3,3,4,4,4
"1268","PULMOZYME",5,5,5,5,5,5
"1269","PURIXAN",,,5,5,4,5
"1270","PYRAZINAMIDE",,4,4,4,4,4
"1271","PYRIDOSTIGMINE",2,3,3,3,3,3
"1272","QUADRACEL",,,4,4,4,
"1273","QUALAQUIN",4,,,,,
"1274","QUASENSE",4,4,4,4,4,4
"1275","QUETIAPINE",3,2,2,2,2,2
"1276","QUINAPRIL",2,2,1,2,2,2
"1277","QUINAPRIL-HCTZ",,,,,2,2
"1278","QUINIDINE",2,2,2,2,2,2
"1279","QUININE",4,4,4,4,4,4
"1280","QVAR",3,,,,,
"1281","RABAVERT",,,4,4,4,4
"1282","RABIES",4,4,,,,4
"1283","RALOXIFENE",,3,3,3,3,3
"1284","RAMIPRIL",2,2,2,2,2,2
"1285","RANEXA",,4,4,4,4,4
"1286","RANITIDINE",2,2,2.5,2.5,2,2
"1287","RAPAMUNE",4,4,4,4,4,4
"1288","RASAGILINE",,,,,3,4
"1289","REBETOL",4,4,4,4,4,4
"1290","REBIF",5,,,,,
"1291","RECLAST",4,,,,,
"1292","RECLIPSEN",4,4,4,4,4,4
"1293","RECOMBIVAX",4,4,4,4,4,4
"1294","RECTIV",4,4,4,4,4,4
"1295","REGRANEX",5,5,5,5,5,5
"1296","RELENZA",4,4,4,4,4,4
"1297","RELISTOR",5,4,4,4,4,4
"1298","REMICADE",5,5,5,5,5,5
"1299","REMODULIN",5,5,5,5,5,5
"1300","RENVELA",3,3,3,3,3,3
"1301","REPAGLINIDE",,4,4,4,3,3
"1302","REPATHA",,,,,5,5
"1303","RESCRIPTOR",4,4,4,4,4,4
"1304","RESERPINE",2,2,2,2,,
"1305","RESTASIS",4,4,4,4,4,3
"1306","RETROVIR",4,4,4,4,4,4
"1307","REVATIO",3,,5,5,5,5
"1308","REVLIMID",5,5,5,5,5,5
"1309","REXULTI",,,,5,5,5
"1310","REYATAZ",5,5,5,5,5,5
"1311","RHEUMATREX",4,4,4,4,,
"1312","RIBASPHERE",,,3,3,3,3
"1313","RIBAVIRIN",3,3,3,3,3,3
"1314","RIDAURA",4,4,4,5,5,5
"1315","RIFABUTIN",,4,4,4,4,4
"1316","RIFAMATE",4,4,4,4,4,4
"1317","RIFAMPIN",3,3,3,3,3,3
"1318","RIFATER",,4,4,4,4,4
"1319","RILUTEK",3,5,,,,
"1320","RILUZOLE",,4,4,4,4,4
"1321","RIMANTADINE",2,2,3,3,4,4
"1322","RINGERS",2,2,2,2,2,
"1323","RISEDRONATE",,,4,4,4,
"1324","RISPERDAL",4,4,4,4,4,4
"1325","RISPERIDONE",3,3,3,2,2,2
"1326","RISPERIODONE",2,,,,,
"1327","RITUXAN",3,5,5,5,5,5
"1328","RIVASTIGMINE",2,4,4,4,4,4
"1329","RIZATRIPTAN",4,4,4,3.5,3,2.5
"1330","ROCEPHIN",4,,,,,
"1331","ROPINIROLE",2,2,2,2,2,2
"1332","ROSUVASTATIN",,,,,3,2
"1333","ROTARIX",,,4,4,4,4
"1334","ROTATEQ",4,4,4,4,4,4
"1335","ROWEEPRA",,,,2,2,2
"1336","ROXICET",3,,,,,
"1337","RUBRACA",,,,,5,5
"1338","RYDAPT",,,,,5,
"1339","SAIZEN",5,5,,,,
"1340","SANCUSO",4,4,4,4,4,4
"1341","SANDIMMUNE",,4,4,4,4,4
"1342","SANDOSTATIN",5,5,5,,,
"1343","SANTYL",,,,4,4,4
"1344","SAPHRIS",4,4,4,4,4,5
"1345","SAVELLA",3,3,3,3,3,3
"1346","SELEGILINE",3,3,4,4,4,3.5
"1347","SELENIUM",2,,,,,
"1348","SELZENTRY",5,5,5,5,5,5
"1349","SEMPREX-D",4,4,,,,
"1350","SENSIPAR",5,5,5,5,5,5
"1351","SEREVENT",3,,,3,3,3
"1352","SEROMYCIN",4,4,,,,
"1353","SEROQUEL",3,3,3,3,,
"1354","SEROSTIM",5,5,5,5,5,5
"1355","SERTRALINE",2,2,2,2,2,2
"1356","SETLAKIN",,,,4,4,4
"1357","SEVELAMER",3,3,3,3,3,3
"1358","SHAROBEL",,,4,4,4,4
"1359","SIGNIFOR",5,5,5,5,5,5
"1360","SILDENAFIL",3,3,3,3,3,4
"1361","SILVER",1,1,1,1,1,1
"1362","SIMPONI",,,5,5,5,5
"1363","SIMULECT",5,5,5,5,5,5
"1364","SIMVASTATIN",2,2,2,2,2,2
"1365","SINGULAIR",4,,,,,
"1366","SIROLIMUS",,4,4,4,4,4
"1367","SIRTURO",5,5,5,5,5,5
"1368","SIVEXTRO",,,5,5,5,5
"1369","SODIUM",2,2,2,2,2,4
"1370","SOLTAMOX",4,4,4,4,4,5
"1371","SOLU",4,4,4,4,4,
"1372","SOLU-MEDROL",4,4,4,4,4,
"1373","SOMATULINE",5,5,5,5,5,5
"1374","SOMAVERT",5,5,5,5,5,5
"1375","SORIATANE",5,5,5,5,5,
"1376","SORINE",2,2,2,2,2,2
"1377","SOTALOL",2,2,2,2,2,2
"1378","SOVALDI",,5,5,5,5,
"1379","SOYBEAN",,,,,,4
"1380","SPIRIVA",3,3,3,3,3,3
"1381","SPIRONOLACTONE",2,2,2,2,2,2
"1382","SPIRONOLACTONE-HCTZ",,,,,,2
"1383","SPIRONOLACTONE/HCTZ",2,2,2,2,2,
"1384","SPRINTEC",1,1,1,4,4,4
"1385","SPRITAM",,,,4,4,4
"1386","SPRYCEL",5,5,5,5,5,5
"1387","SPS",,,,,3,3
"1388","SRONYX",4,4,4,4,4,4
"1389","SSD",,,,,2,2
"1390","STAVUDINE",2,3,3,3,3,3
"1391","STELARA",5,5,,,,
"1392","STERILE",3.5,3.5,3.5,3.5,3.5,5
"1393","STIMATE",4,4,4,4,4,5
"1394","STIOLTO",,,,3,3,3
"1395","STIVARGA",5,5,5,5,5,5
"1396","STRATTERA",4,4,4,4,4,
"1397","STRENSIQ",,,,5,5,5
"1398","STREPTOMYCIN",3,3,3,3,3,
"1399","STRIBILD",5,5,5,5,5,5
"1400","STRIVERDI",,,,3,3,3
"1401","STROMECTOL",3,3,3,,,
"1402","SUBOXONE",4,4,4,4,4,
"1403","SUCRAID",,5,5,5,5,5
"1404","SUCRALFATE",2,2,2,2,2,2
"1405","SULF-PRED",,,,,2,2
"1406","SULFACETAMIDE",2,3,3,3,3,3
"1407","SULFACETAMIDE-PREDNISOLONE",2,2,2,2,,
"1408","SULFADIAZINE",4,4,4,4,4,4
"1409","SULFAMETHOXAZOLE",1,1.5,3,3,3,3.5
"1410","SULFAMETHOXAZOLE-TMP",,1,,1,1,1
"1411","SULFAMETHOXAZOLE-TRIMETHOPRIM",1,1,1,,,
"1412","SULFASALAZINE",2,2,2,2,2,2
"1413","SULFAZINE",,,3,2,,
"1414","SULINDAC",2,2,2,2,2,2
"1415","SUMATRIPTAN",2,4,4,4,4,4
"1416","SUPRAX",4,,,,4,4
"1417","SUPREP",3,3,3,3,3,3
"1418","SURMONTIL",4,4,4,4,4,
"1419","SUSTIVA",3,4,4,4,4,4
"1420","SUTENT",5,5,5,5,5,5
"1421","SYLATRON",5,5,5,5,5,5
"1422","SYLVANT",,,5,5,5,5
"1423","SYMBICORT",3,3,3,3,3,3
"1424","SYMLINPEN",4,4,4,4,4,5
"1425","SYNAGIS",,,5,5,5,5
"1426","SYNAREL",5,5,5,5,5,5
"1427","SYNERCID",5,5,5,5,5,5
"1428","SYNJARDY",,,,3,3,3
"1429","SYNRIBO",5,5,5,5,5,5
"1430","SYNTHROID",3,3,3,3,3,3
"1431","SYPRINE",4,4,4,4,4,5
"1432","TABLOID",4,4,4,4,4,5
"1433","TACROLIMUS",2,3,3,3,4,4
"1434","TAFINLAR",,5,5,5,5,5
"1435","TAGRISSO",,,,5,5,5
"1436","TAMIFLU",4,4,4,4,4,4
"1437","TAMOXIFEN",1,1,2,2,2,2
"1438","TAMSULOSIN",2,2,2,2,2,2
"1439","TARCEVA",5,5,5,5,5,5
"1440","TARGRETIN",5,5,5,5,5,5
"1441","TARINA",,,4,4,4,4
"1442","TASIGNA",5,5,5,5,5,5
"1443","TASMAR",4,4,4,4,,
"1444","TAXOTERE",5,5,5,5,5,
"1445","TAZAROTENE",,,,,4,4
"1446","TAZORAC",4,4,4,4,4,4
"1447","TAZTIA",3,3,3,3,3,3
"1448","TECENTRIQ",,,,5,5,
"1449","TEFLARO",4,4,4,4,4,4
"1450","TEGRETOL",4,4,4,4,,
"1451","TEKAMLO",3,,,,,
"1452","TEKTURNA",3,3,3,3,3,3
"1453","TEMAZEPAM",4,4,4,4,3,2
"1454","TENIVAC",,,4,4,4,4
"1455","TERAZOSIN",1,1,1,1,1,1
"1456","TERBINAFINE",1,1,1,1,1,1
"1457","TERBUTALINE",3,4,4,4,4,4
"1458","TERCONAZOLE",2,2,3,3,3,3
"1459","TESTOSTERONE",3,3,3,3,3,3
"1460","TESTRED",4,4,4,5,,
"1461","TETANUS",4,4,4,4,4,
"1462","TETRABENAZINE",,,,5,5,5
"1463","TETRACYCLINE",1,,3,3,,
"1464","THALOMID",4,5,5,5,5,5
"1465","THEOPHYLLINE",2,2,2,2,2,2
"1466","THERMAZENE",1,1,,,,
"1467","THIOLA",,,4,5,5,5
"1468","THIORIDAZINE",2,2,2,2,2,2
"1469","THIOTEPA",2,,,2,2,
"1470","THIOTHIXENE",2,2,2,3,4,4
"1471","THYMOGLOBULIN",3,3,3,3,3,3
"1472","THYROLAR-1",,2,2,2,2,2
"1473","THYROLAR-1/2",,2,2,2,2,2
"1474","THYROLAR-1/4",,2,2,2,2,2
"1475","THYROLAR-2",,2,2,2,2,2
"1476","THYROLAR-3",,2,2,2,2,2
"1477","TIAGABINE",4,4,4,4,4,4
"1478","TICLOPIDINE",3,4,4,,,
"1479","TIGECYCLINE",,,,,5,5
"1480","TIKOSYN",4,4,4,4,4,
"1481","TIMENTIN",4,,,,,
"1482","TIMOLOL",2,2,2,2,3,3
"1483","TIMOPTIC",4,4,,,,
"1484","TINIDAZOLE",3,3,3,3,3,3
"1485","TIVICAY",,5,5,5,5,5
"1486","TIZANIDINE",2,2,2,2,2,2
"1487","TOBI",5,5,5,5,5,5
"1488","TOBRADEX",4,,,,,
"1489","TOBRAMYCIN",2,2,2,3,3,2.5
"1490","TOBRAMYCIN-DEXAMETH",3,4,4,4,4,4
"1491","TOBREX",4,4,4,4,4,4
"1492","TOFRANIL",4,,,,,
"1493","TOFRANIL-PM",4,,,,,
"1494","TOLAK",,,,4,4,4
"1495","TOLAZAMIDE",3,4,4,4,,
"1496","TOLBUTAMIDE",3,4,4,4,4,
"1497","TOLCAPONE",,,4,4,4,4
"1498","TOLMETIN",3,4,4,4,,
"1499","TOLTERODINE",,3,3,2.5,3,
"1500","TOLVAPTAN",5,5,5,5,5,5
"1501","TOPIRAMATE",2,2,2,2,2,2
"1502","TOPOSAR",4,4,4,4,4,
"1503","TOPOTECAN",5,5,5,5,5,
"1504","TORISEL",5,5,5,5,5,5
"1505","TORSEMIDE",2,2,2,2,2,2
"1506","TOUJEO",,,3,3,3,3
"1507","TOVIAZ",,3,3,3,3,3
"1508","TPN",4,4,4,4,4,
"1509","TRACLEER",5,5,5,5,5,
"1510","TRADJENTA",4,4,3,3,3,3
"1511","TRAMADOL",2,2.5,3,3,2.5,3
"1512","TRAMADOL-ACETAMINOPHN",,,,,,3
"1513","TRANDOLAPRIL",2,2,2,2,2,2
"1514","TRANEXAMIC",3,3,3.5,3.5,4,4
"1515","TRANSDERM-SCOP",,,4,4,4,4
"1516","TRANYLCYPROMINE",4,4,4,4,4,4
"1517","TRAVASOL",4,4,4,4,4,
"1518","TRAVATAN",3,3,3,3,3,3
"1519","TRAZODONE",1,1,1,1,1,1
"1520","TREANDA",5,5,5,5,5,5
"1521","TRECATOR",4,4,4,4,4,4
"1522","TRELSTAR",4,4,4,,,
"1523","TRESIBA",,,,3,3,3
"1524","TRETINOIN",3,3,3,3,4,4
"1525","TREXALL",4,4,4,4,4,4
"1526","TRI",4,4,4,4,4,4
"1527","TRI-LEGEST",4,4,4,4,4,4
"1528","TRI-LO-ESTARYLLA",,,,4,4,4
"1529","TRI-LO-SPRINTEC",,,,4,4,4
"1530","TRI-SPRINTEC",4,4,4,4,4,4
"1531","TRIAMCINOLONE",2,2,2,2,2,2
"1532","TRIAMTERENE",1,1,1,2,2,
"1533","TRIAMTERENE-HCTZ",,,,,1,1
"1534","TRIAMTERENE/HCTZ",1,1,1,1,1.5,2
"1535","TRIBENZOR",,3,3,3,4,
"1536","TRICOR",3,,,,,
"1537","TRIDERM",2,2,2,2,2,
"1538","TRIFLUOPERAZINE",2,3,3,3,3,3
"1539","TRIFLURIDINE",4,4,4,4,4,3
"1540","TRIHEXYPHENIDYL",2,2,2,2,2,2
"1541","TRILEPTAL",4,4,4,,,
"1542","TRILYTE",,2,2,2,2,2
"1543","TRIMETHOBENZAMIDE",3,3,4,4,4,4
"1544","TRIMETHOPRIM",2,2,2,2,2,2
"1545","TRIMIPRAMINE",4,4,,4,4,4
"1546","TRINESSA",4,4,4,4,4,4
"1547","TRINTELLIX",,,,4,4,4
"1548","TRISENOX",4,4,4,4,4,
"1549","TRIUMEQ",,,5,5,5,5
"1550","TRIVORA",4,4,4,4,,
"1551","TRIVORA-28",,,,,4,4
"1552","TRIZIVIR",3,5,5,5,,
"1553","TROPHAMINE",4,4,4,4,4,4
"1554","TROSPIUM",4,4,4,4,4,
"1555","TRULICITY",,,4,3,3,3
"1556","TRUMENBA",,,4,4,4,
"1557","TRUVADA",5,5,5,5,5,5
"1558","TWINJECT",4,,,,,
"1559","TWINRIX",4,4,4,4,4,4
"1560","TYBOST",,,4,4,4,4
"1561","TYGACIL",4,5,5,5,5,
"1562","TYKERB",3,5,5,5,5,5
"1563","TYPHIM",4,4,4,4,4,4
"1564","TYSABRI",,5,5,5,5,5
"1565","TYZEKA",4,4,5,5,,
"1566","TYZINE",3,4,4,4,,
"1567","U-CORT",2,2,2,,,
"1568","UNITHROID",2,2,2,2,3,3
"1569","URSODIOL",3,4,4,4,4,3.5
"1570","UVADEX",4,4,4,4,,
"1571","VALACYCLOVIR",3,3,3,3,3,3
"1572","VALCHLOR",,,5,5,5,5
"1573","VALCYTE",5,5,5,5,,
"1574","VALGANCICLOVIR",,,5,5,5,5
"1575","VALPROATE",2,2,2,2,2,
"1576","VALPROIC",2,2,2,2,2,2
"1577","VALSARTAN",,,3,3,2,2
"1578","VALSARTAN-HCTZ",3,2,2,2,2,2
"1579","VANCOCIN",5,,,,,
"1580","VANCOMYCIN",3,3,3,3,3,4
"1581","VAQTA",4,4,4,4,4,4
"1582","VARICELLA-ZOSTER",,,,,5,
"1583","VARIVAX",3,3,3,3,3,3
"1584","VARIZIG",,,5,5,,
"1585","VASCEPA",,,4,4,4,4
"1586","VECTIBIX",5,5,5,5,5,5
"1587","VELCADE",5,5,5,5,5,
"1588","VELIVET",4,4,4,4,4,4
"1589","VELTASSA",,,,,4,4
"1590","VEMLIDY",,,,,5,5
"1591","VENCLEXTA",,,,4.5,4.5,4.5
"1592","VENLAFAXINE",3,3,3,2,2,2
"1593","VENTAVIS",,,,,,5
"1594","VENTOLIN",3,,,3,3,3
"1595","VERAMYST",4,,,,,
"1596","VERAPAMIL",2,2,2,2,2,2
"1597","VEREGEN",4,4,4,5,5,
"1598","VERIPRED",4,4,4,4,4,4
"1599","VERSACLOZ",,4,4,4,4,4
"1600","VESTURA",2,2,2,2,4,4
"1601","VFEND",4.5,4.5,4.5,,,
"1602","VIBATIV",4,,,,,
"1603","VIBERZI",,,,4,4,4
"1604","VIBRAMYCIN",4,4,,,,
"1605","VICTOZA",3,3,3,3,3,3
"1606","VICTRELIS",5,5,,,,
"1607","VIDAZA",5,5,,,,
"1608","VIDEX",4,4,4,4,4,4
"1609","VIENVA-28",,,,4,4,4
"1610","VIGABATRIN",5,5,5,5,5,5
"1611","VIGAMOX",4,4,4,4,4,4
"1612","VIIBRYD",4,4,4,4,4,4
"1613","VIMPAT",4,4,4,4,4,4
"1614","VINBLASTINE",2,2,2,3,3,
"1615","VINCRISTINE",2,2,2,2.5,3,3
"1616","VINORELBINE",4,4,4,4,4,
"1617","VIRACEPT",4.5,4.5,5,5,5,5
"1618","VIRAMUNE",4,4,4,4,,
"1619","VIRAZOLE",,,5,5,,
"1620","VIREAD",4,4,5,5,5,5
"1621","VITEKTA",,,5,5,,
"1622","VOLTAREN",4,,4,4,4,4
"1623","VORICONAZOLE",5,5,5,5,5,5
"1624","VOTRIENT",5,5,5,5,5,5
"1625","VPRIV",5,5,5,5,5,
"1626","VRAYLAR",,,,5,5,5
"1627","WARFARIN",1,1,1,1,1,1
"1628","WELCHOL",3,3,,3,3,3
"1629","WYMZYA",,,4,4,4,4
"1630","XALKORI",5,5,5,5,5,5
"1631","XARELTO",3,3,3,3,3,3
"1632","XELJANZ",,,,,5,5
"1633","XENAZINE",5,5,5,5,,
"1634","XGEVA",5,5,5,5,5,5
"1635","XIFAXAN",4.5,4.5,4.5,4.5,5,5
"1636","XIGDUO",,,,,4,4
"1637","XIIDRA",,,,,,4
"1638","XOLAIR",5,5,5,5,5,5
"1639","XTAMPZA",,,,,3,3
"1640","XTANDI",5,5,5,5,5,5
"1641","XYLOCAINE",,,,,2,
"1642","XYREM",5,5,5,5,5,5
"1643","YERVOY",5,5,5,5,5,5
"1644","YF-VAX",4,4,4,4,4,4
"1645","YONDELIS",,,,,5,
"1646","ZAFIRLUKAST",3,4,4,4,4,4
"1647","ZALEPLON",2,2,2,2,3,3
"1648","ZALTRAP",5,5,5,5,5,5
"1649","ZANOSAR",4,4,4,4,4,
"1650","ZARAH",,,,,4,4
"1651","ZARXIO",,,,5,5,5
"1652","ZAVESCA",5,5,5,5,5,5
"1653","ZAZOLE",2,2,3,3,,3
"1654","ZEJULA",,,,,5,5
"1655","ZELBORAF",5,5,5,5,5,5
"1656","ZEMAIRA",5,5,5,,,
"1657","ZEMPLAR",3,3,3,3,3,
"1658","ZENATANE",,,,,4,4
"1659","ZENCHENT",4,4,4,4,4,4
"1660","ZENPEP",3,3,3,4,4,4
"1661","ZENZEDI",,4,4,4,4,4
"1662","ZEOSA",4,,,,,
"1663","ZERBAXA",,,5,5,5,
"1664","ZERIT",4,4,,,4,4
"1665","ZETIA",3,3,3,3,3,
"1666","ZIAGEN",4,4,4,4,4,4
"1667","ZIDOVUDINE",3,3,3,3,3,3
"1668","ZIPRASIDONE",3,4,4,4,4,4
"1669","ZIRGAN",4,4,4,4,4,4
"1670","ZOLEDRONIC",4.5,4.5,4.5,4,4,4
"1671","ZOLINZA",5,5,5,5,5,5
"1672","ZOLPIDEM",2,2,2,3,3,2
"1673","ZOMETA",5,,,,,
"1674","ZONISAMIDE",2,2,2,2,2,2
"1675","ZONTIVITY",,4,4,4,4,
"1676","ZORTRESS",4,4,4,4,4,4
"1677","ZOSTAVAX",4,4,4,4,4,4
"1678","ZOVIA",4,4,4,4,4,4
"1679","ZOVIRAX",4,4,4.5,5,5,5
"1680","ZUBSOLV",,,,,,3
"1681","ZYBAN",3,3,,,,
"1682","ZYDELIG",,,5,5,5,5
"1683","ZYKADIA",,5,5,5,5,5
"1684","ZYMAXID",4,4,,,,
"1685","ZYPREXA",4,4,4,4,4,4
"1686","ZYTIGA",5,5,5,5,5,5
"1687","ZYVOX",5,5,5,5,5,
